Timestamp,Recorded_data,Simulated_data,dif,sq_dif,rel_sq_dif,dif_rec,dif_sim,sq_dif_rec,sq_dif_sim,prod_rec_sim,delta_time,rec_lft,rec_rgt,sim_lft,sim_rgt,ave_rec,ave_sim
1989-04-23 04:35:00,0.181,0.029,-0.152,0.023104,0.7052287781203259,-0.5454975735294116,-0.6209117647058824,0.29756760272647587,0.38553141955017306,0.3387058610229238,,,,,,,
1989-04-23 04:40:00,0.1325,0.789,0.6565000000000001,0.43099225000000013,24.549220363118547,-0.5939975735294116,0.13908823529411762,0.3528331173588288,0.019345537197231828,-0.08261807427119373,300.0,0.181,0.1325,0.029,0.789,47.025,122.7
1989-04-23 04:45:00,0.109,1.062,0.9530000000000001,0.9082090000000002,76.44213450046294,-0.6174975735294117,0.41208823529411764,0.3813032533147112,0.16981671366782006,-0.25446348537413493,300.0,0.1325,0.109,0.789,1.062,36.225,277.65
1989-04-23 04:50:00,0.098,0.755,0.657,0.43164900000000006,44.94471053727613,-0.6284975735294117,0.1050882352941176,0.3950091999323583,0.011043537197231822,-0.0660477008888408,300.0,0.109,0.098,1.062,0.755,31.050000000000004,272.55
1989-04-23 04:55:00,0.08032,0.523,0.44268,0.1959655824,30.376127214250563,-0.6461775735294117,-0.1269117647058824,0.4175454565323583,0.016106596020761255,0.08200753616998271,300.0,0.098,0.08032,0.755,0.523,26.748,191.70000000000002
1989-04-23 05:00:00,0.0681,0.377,0.3089,0.09541921,20.575082855177566,-0.6583975735294116,-0.2729117647058824,0.433487364829417,0.07448083131487893,0.1796844436699827,300.0,0.08032,0.0681,0.523,0.377,22.262999999999998,135.0
1989-04-23 05:05:00,0.0564,0.285,0.22859999999999997,0.052257959999999985,16.428361249434126,-0.6700975735294117,-0.36491176470588244,0.4490307580500053,0.1331605960207613,0.24452648808174743,300.0,0.0681,0.0564,0.377,0.285,18.675,99.29999999999998
1989-04-23 05:10:00,0.04597,0.232,0.18603000000000003,0.03460716090000001,16.37634445746342,-0.6805275735294117,-0.4179117647058824,0.4631177783338289,0.17465024307958485,0.28440047918468864,300.0,0.0564,0.04597,0.285,0.232,15.355499999999997,77.55
1989-04-23 05:15:00,0.0388,0.192,0.1532,0.02347024,15.59028589648209,-0.6876975735294117,-0.4579117647058824,0.47292795263824067,0.20968318425605542,0.3149048094788063,300.0,0.04597,0.0388,0.232,0.192,12.7155,63.60000000000001
1989-04-23 05:20:00,0.03205,0.157,0.12495,0.015612502500000002,15.199050333308184,-0.6944475735294117,-0.4929117647058824,0.48225743238088764,0.24296200778546714,0.34230137896410034,300.0,0.0388,0.03205,0.192,0.157,10.6275,52.349999999999994
1989-04-23 05:25:00,0.02935,0.127,0.09765,0.009535522500000001,11.06950712339183,-0.6971475735294117,-0.5229117647058824,0.4860147392779465,0.27343671366782013,0.3645466679346886,300.0,0.03205,0.02935,0.157,0.127,9.21,42.6
1989-04-23 05:30:00,0.028,0.119,0.091,0.008281,10.5625,-0.6984975735294117,-0.5309117647058824,0.48789886022647583,0.28186730190311426,0.3708405794052768,300.0,0.02935,0.028,0.127,0.119,8.6025,36.9
1989-04-23 05:35:00,0.028,0.122,0.094,0.008836,11.270408163265307,-0.6984975735294117,-0.5279117647058824,0.48789886022647583,0.278690831314879,0.3687450866846886,300.0,0.028,0.028,0.119,0.122,8.4,36.15
1989-04-23 05:40:00,0.02669,0.119,0.09231,0.0085211361,11.96190514828188,-0.6998075735294117,-0.5309117647058824,0.48973063996912297,0.28186730190311426,0.3715360738170415,300.0,0.028,0.02669,0.122,0.119,8.2035,36.15
1989-04-23 05:45:00,0.02669,0.106,0.07930999999999999,0.006290076099999999,8.829960324618543,-0.6998075735294117,-0.5439117647058824,0.48973063996912297,0.2958400077854672,0.3806335722729239,300.0,0.02669,0.02669,0.119,0.106,8.007,33.75
1989-04-23 05:50:00,0.02669,0.089,0.06231,0.0038825361,5.450274237842563,-0.6998075735294117,-0.5609117647058824,0.48973063996912297,0.31462200778546723,0.3925303010229239,300.0,0.02669,0.02669,0.106,0.089,8.007,29.25
1989-04-23 05:55:00,0.02538,0.073,0.047619999999999996,0.0022676643999999997,3.5204286492283403,-0.7011175735294117,-0.5769117647058825,0.49156585191177005,0.3328271842560555,0.40448297661115923,300.0,0.02669,0.02538,0.089,0.073,7.810499999999999,24.299999999999997
1989-04-23 06:00:00,0.02538,0.059,0.03362,0.0011303043999999999,1.7547376023140149,-0.7011175735294117,-0.5909117647058824,0.49156585191177005,0.34917671366782005,0.41429862264057093,300.0,0.02538,0.02538,0.073,0.059,7.614,19.8
1989-04-23 06:05:00,0.0388,0.048,0.0092,8.464e-05,0.056222765437347215,-0.6876975735294117,-0.6019117647058824,0.47292795263824067,0.3622977724913495,0.4139332600670415,300.0,0.02538,0.0388,0.059,0.048,9.627,16.05
1989-04-23 06:10:00,0.08474,0.039,-0.045739999999999996,0.0020921475999999997,0.29135025411135557,-0.6417575735294117,-0.6109117647058824,0.4118527831823582,0.3732131842560554,0.39205725175821793,300.0,0.0388,0.08474,0.048,0.039,18.531,13.049999999999999
1989-04-23 06:15:00,0.08695,0.032,-0.05495,0.0030195025,0.399389111745198,-0.6395475735294117,-0.6179117647058824,0.40902109880735826,0.38181494896193774,0.39518396977292386,300.0,0.08474,0.08695,0.039,0.032,25.753500000000003,10.65
1989-04-23 06:20:00,0.07394999999999999,0.026,-0.04794999999999999,0.0022992024999999995,0.4204369397848902,-0.6525475735294117,-0.6239117647058824,0.42581833571912303,0.38926589013840834,0.40713210815527684,300.0,0.08695,0.07394999999999999,0.032,0.026,24.134999999999998,8.7
1989-04-23 06:25:00,0.0603,0.022,-0.0383,0.00146689,0.40342510773935736,-0.6661975735294117,-0.6279117647058824,0.44381920697647587,0.3942731842560554,0.41831329403762973,300.0,0.07394999999999999,0.0603,0.026,0.022,20.137499999999996,7.2
1989-04-23 06:30:00,0.0415,0.03,-0.011500000000000003,0.00013225000000000007,0.07678908404703154,-0.6849975735294117,-0.6199117647058824,0.4692216757411818,0.38429059602076127,0.424638054625865,300.0,0.0603,0.0415,0.022,0.03,15.27,7.8
1989-04-23 06:35:00,0.03205,0.059,0.026949999999999995,0.0007263024999999997,0.7070684699462857,-0.6944475735294117,-0.5909117647058824,0.48225743238088764,0.34917671366782005,0.4103572411699826,300.0,0.0415,0.03205,0.03,0.059,11.0325,13.35
1989-04-23 06:40:00,0.028,0.096,0.068,0.0046240000000000005,5.89795918367347,-0.6984975735294117,-0.5539117647058824,0.48789886022647583,0.3068182430795849,0.38690602359645326,300.0,0.03205,0.028,0.059,0.096,9.0075,23.25
1989-04-23 06:45:00,0.02538,0.117,0.09162000000000001,0.0083942244,13.03158794829234,-0.7011175735294117,-0.5329117647058824,0.49156585191177005,0.2839949489619378,0.3736338033758651,300.0,0.028,0.02538,0.096,0.117,8.007,31.950000000000003
1989-04-23 06:50:00,0.02538,0.113,0.08762,0.007677264400000001,11.918545593193079,-0.7011175735294117,-0.5369117647058824,0.49156585191177005,0.2882742430795848,0.3764382736699827,300.0,0.02538,0.02538,0.117,0.113,7.614,34.5
1989-04-23 06:55:00,0.02538,0.097,0.07162,0.005129424400000001,7.96315919225565,-0.7011175735294117,-0.5529117647058824,0.49156585191177005,0.3057114195501731,0.3876561548464533,300.0,0.02538,0.02538,0.113,0.097,7.614,31.500000000000004
1989-04-23 07:00:00,0.02669,0.08,0.05331,0.0028419561000000006,3.9895160580501816,-0.6998075735294117,-0.5699117647058825,0.48973063996912297,0.3247994195501731,0.3988285691846886,300.0,0.02538,0.02669,0.097,0.08,7.810499999999999,26.549999999999997
1989-04-23 07:05:00,0.02669,0.065,0.038310000000000004,0.0014676561000000004,2.0602843156674036,-0.6998075735294117,-0.5849117647058824,0.48973063996912297,0.3421217724913495,0.4093256827876297,300.0,0.02669,0.02669,0.08,0.065,8.007,21.750000000000004
1989-04-23 07:10:00,0.02669,0.052,0.02531,0.0006405960999999999,0.8992638653617201,-0.6998075735294117,-0.5979117647058824,0.48973063996912297,0.3574984783737024,0.4184231812435121,300.0,0.02669,0.02669,0.065,0.052,8.007,17.549999999999997
1989-04-23 07:15:00,0.02669,0.044,0.01731,0.00029963609999999997,0.42062684660101873,-0.6998075735294117,-0.6059117647058824,0.48973063996912297,0.3671290666089966,0.4240216418317474,300.0,0.02669,0.02669,0.052,0.044,8.007,14.4
1989-04-23 07:20:00,0.02669,0.039,0.012310000000000001,0.00015153610000000003,0.21272520864213848,-0.6998075735294117,-0.6109117647058824,0.48973063996912297,0.3732131842560554,0.42752067969939445,300.0,0.02669,0.02669,0.044,0.039,8.007,12.45
1989-04-23 07:25:00,0.02669,0.038,0.01131,0.0001279161,0.17956763478265997,-0.6998075735294117,-0.6119117647058824,0.48973063996912297,0.37443600778546715,0.42822048727292383,300.0,0.02669,0.02669,0.039,0.038,8.007,11.55
1989-04-23 07:30:00,0.02669,0.044,0.01731,0.00029963609999999997,0.42062684660101873,-0.6998075735294117,-0.6059117647058824,0.48973063996912297,0.3671290666089966,0.4240216418317474,300.0,0.02669,0.02669,0.038,0.044,8.007,12.299999999999999
1989-04-23 07:35:00,0.028,0.053,0.024999999999999998,0.0006249999999999999,0.7971938775510203,-0.6984975735294117,-0.5969117647058824,0.48789886022647583,0.35630365484429066,0.4169414192582179,300.0,0.02669,0.028,0.044,0.053,8.2035,14.55
1989-04-23 07:40:00,0.028,0.057,0.029,0.0008410000000000001,1.0727040816326532,-0.6984975735294117,-0.5929117647058824,0.48789886022647583,0.35154436072664363,0.4141474289641003,300.0,0.028,0.028,0.053,0.057,8.4,16.5
1989-04-23 07:45:00,0.028,0.055,0.027,0.0007289999999999999,0.9298469387755103,-0.6984975735294117,-0.5949117647058824,0.48789886022647583,0.3539200077854671,0.4155444241111591,300.0,0.028,0.028,0.057,0.055,8.4,16.8
1989-04-23 07:50:00,0.028,0.048,0.02,0.0004,0.5102040816326531,-0.6984975735294117,-0.6019117647058824,0.48789886022647583,0.3622977724913495,0.420433907125865,300.0,0.028,0.028,0.055,0.048,8.4,15.450000000000001
1989-04-23 07:55:00,0.7949,0.041,-0.7539,0.5683652100000001,0.8995027442606067,0.06840242647058836,-0.6089117647058824,0.0046788919470642475,0.3707735371972319,-0.04165104221237032,300.0,0.028,0.7949,0.048,0.041,123.43500000000002,13.35
1989-04-23 08:00:00,0.6552,0.033,-0.6222,0.38713284,0.9018041634799876,-0.07129757352941168,-0.6169117647058824,0.0050833439911818655,0.380580125432526,0.04398431190527677,300.0,0.7949,0.6552,0.041,0.033,217.515,11.100000000000001
1989-04-23 08:05:00,0.8399,0.027,-0.8129,0.66080641,0.9367400410423679,0.11340242647058829,-0.6229117647058824,0.012860110329417184,0.3880190666089966,-0.07063970559472323,300.0,0.6552,0.8399,0.033,0.027,224.265,9.0
1989-04-23 08:10:00,0.6776,0.026,-0.6516,0.42458255999999994,0.9247308717900109,-0.04889757352941171,-0.6239117647058824,0.002390972697064225,0.38926589013840834,0.0305077713905709,300.0,0.8399,0.6776,0.027,0.026,227.625,7.95
1989-04-23 08:15:00,0.44320000000000004,0.086,-0.3572000000000001,0.12759184000000004,0.6495661679417172,-0.28329757352941165,-0.5639117647058824,0.08025751516765241,0.31799647837370254,0.159754834625865,300.0,0.6776,0.44320000000000004,0.026,0.086,168.12,16.799999999999997
1989-04-23 08:20:00,0.2911,0.277,-0.014100000000000001,0.00019881000000000003,0.0023461394081913203,-0.43539757352941166,-0.3729117647058824,0.18957104703529942,0.13906318425605538,0.16236487749351208,300.0,0.44320000000000004,0.2911,0.086,0.277,110.14500000000001,54.449999999999996
1989-04-23 08:25:00,0.2085,0.462,0.25350000000000006,0.06426225000000003,1.478236116143058,-0.5179975735294117,-0.1879117647058824,0.26832148618235824,0.03531083131487891,0.09733783815527682,300.0,0.2911,0.2085,0.277,0.462,74.94000000000001,110.85000000000001
1989-04-23 08:30:00,0.474,0.519,0.04500000000000004,0.002025000000000004,0.009012978689312627,-0.2524975735294117,-0.1309117647058824,0.06375502463824068,0.017137890138408315,0.03305490293468859,300.0,0.2085,0.474,0.462,0.519,102.375,147.15
1989-04-23 08:35:00,1.328,0.538,-0.79,0.6241000000000001,0.35388164102191894,0.6015024264705884,-0.11191176470588238,0.3618051690500056,0.01252424307958478,-0.0673151980211938,300.0,0.474,1.328,0.519,0.538,270.3,158.54999999999998
1989-04-23 08:40:00,0.916,0.497,-0.41900000000000004,0.17556100000000002,0.20923633225911029,0.18950242647058835,-0.1529117647058824,0.035911169638240745,0.023382007785467146,-0.02897715044766439,300.0,1.328,0.916,0.538,0.497,336.6,155.25000000000003
1989-04-23 08:45:00,0.4792,0.421,-0.05820000000000003,0.0033872400000000036,0.014750690494173664,-0.24729757352941167,-0.22891176470588243,0.061156089873534776,0.05240059602076128,0.056609323964100344,300.0,0.916,0.4792,0.497,0.421,209.28,137.7
1989-04-23 08:50:00,0.325,0.474,0.14899999999999997,0.022200999999999988,0.21018698224852062,-0.4014975735294117,-0.17591176470588243,0.16120030155000534,0.030944948961937745,0.0706281466846886,300.0,0.4792,0.325,0.421,0.474,120.63000000000001,134.25
1989-04-23 08:55:00,0.24,0.7,0.45999999999999996,0.21159999999999995,3.6736111111111107,-0.4864975735294117,0.050088235294117545,0.23667988905000534,0.0025088313148788825,-0.024367804932958426,300.0,0.325,0.24,0.474,0.7,84.74999999999999,176.1
1989-04-23 09:00:00,0.5502,0.7,0.14979999999999993,0.02244003999999998,0.0741280293171208,-0.17629757352941167,0.050088235294117545,0.031080834432358314,0.0025088313148788825,-0.00883043434472316,300.0,0.24,0.5502,0.7,0.7,118.53,210.0
1989-04-23 09:05:00,0.7392,0.54,-0.19919999999999993,0.039680639999999975,0.07261975037949059,0.01270242647058828,-0.10991176470588238,0.0001613516382407018,0.012080596020761251,-0.0013961461094290709,300.0,0.5502,0.7392,0.7,0.54,193.41000000000003,186.0
1989-04-23 09:10:00,0.7244999999999999,0.401,-0.3234999999999999,0.10465224999999993,0.19937550039269358,-0.001997573529411767,-0.2489117647058824,3.990300005406583e-06,0.06195706660899656,0.0004972195523356408,300.0,0.7392,0.7244999999999999,0.54,0.401,219.55499999999998,141.15
1989-04-23 09:15:00,0.6664,0.315,-0.3514,0.12348195999999999,0.278056810959678,-0.060097573529411696,-0.3349117647058824,0.0036117183441230455,0.11216589013840834,0.020127384405276796,300.0,0.7244999999999999,0.6664,0.401,0.315,208.63499999999996,107.39999999999999
1989-04-23 09:20:00,0.4636,0.291,-0.17260000000000003,0.02979076000000001,0.1386100525504344,-0.2628975735294117,-0.35891176470588243,0.06911513416765241,0.12881765484429072,0.09435703205233563,300.0,0.6664,0.4636,0.315,0.291,169.49999999999997,90.89999999999999
1989-04-23 09:25:00,0.325,0.409,0.08399999999999996,0.007055999999999994,0.06680236686390527,-0.4014975735294117,-0.24091176470588244,0.16120030155000534,0.05803847837370246,0.09672548896410035,300.0,0.4636,0.325,0.291,0.409,118.28999999999999,105.0
1989-04-23 09:30:00,0.248,0.698,0.44999999999999996,0.20249999999999996,3.29246878251821,-0.4784975735294117,0.04808823529411754,0.22895992787353475,0.002312478373702412,-0.023010103903546658,300.0,0.325,0.248,0.409,0.698,85.94999999999999,166.05
1989-04-23 09:35:00,0.219,0.732,0.513,0.263169,5.487145805967349,-0.5074975735294117,0.08208823529411757,0.2575537871382407,0.00673847837370241,-0.04165958022707608,300.0,0.248,0.219,0.698,0.732,70.05,214.5
1989-04-23 09:40:00,0.4948,0.587,0.09219999999999995,0.00850083999999999,0.034721818308957986,-0.23169757352941167,-0.06291176470588244,0.05368376557941713,0.003957890138408316,0.014576503228806244,300.0,0.219,0.4948,0.732,0.587,107.07,197.85
1989-04-23 09:45:00,0.5604,0.449,-0.1114,0.01240996,0.03951610479106134,-0.16609757352941168,-0.2009117647058824,0.02758840393235832,0.040365537197231856,0.03337095661115916,300.0,0.4948,0.5604,0.587,0.449,158.28000000000003,155.4
1989-04-23 09:50:00,0.3785,0.397,0.018500000000000016,0.0003422500000000006,0.0023889754628312805,-0.3479975735294117,-0.2529117647058824,0.1211023111823583,0.06396436072664362,0.08801268043468857,300.0,0.5604,0.3785,0.449,0.397,140.835,126.9
1989-04-23 09:55:00,0.276,0.501,0.22499999999999998,0.05062499999999999,0.6645793950850659,-0.45049757352941167,-0.1489117647058824,0.20294806375588767,0.022174713667820086,0.06708438866998272,300.0,0.3785,0.276,0.397,0.501,98.17500000000001,134.70000000000002
1989-04-23 10:00:00,0.244,0.547,0.30300000000000005,0.09180900000000003,1.5420753829615703,-0.4824975735294117,-0.10291176470588237,0.23280390846177004,0.010590831314878896,0.049654676758218,300.0,0.276,0.244,0.501,0.547,78.0,157.20000000000002
1989-04-23 10:05:00,0.22949999999999998,0.468,0.23850000000000005,0.05688225000000002,1.079969242599001,-0.4969975735294117,-0.18191176470588238,0.247006588094123,0.03309189013840832,0.09040970565527683,300.0,0.244,0.22949999999999998,0.547,0.468,71.02499999999999,152.25000000000003
1989-04-23 10:10:00,0.2085,0.382,0.17350000000000002,0.030102250000000004,0.6924474808642297,-0.5179975735294117,-0.2679117647058824,0.26832148618235824,0.0717767136678201,0.13877764403762977,300.0,0.22949999999999998,0.2085,0.468,0.382,65.69999999999999,127.50000000000001
1989-04-23 10:15:00,0.19599999999999998,0.344,0.148,0.021903999999999996,0.5701790920449813,-0.5304975735294117,-0.30591176470588244,0.2814276755205936,0.09358200778546719,0.16228544889057098,300.0,0.2085,0.19599999999999998,0.382,0.344,60.675,108.89999999999999
1989-04-23 10:20:00,0.22249999999999998,0.316,0.09350000000000003,0.008742250000000005,0.17658881454361836,-0.5039975735294118,-0.3339117647058824,0.2540135541235348,0.11149706660899658,0.1682907191846886,300.0,0.19599999999999998,0.22249999999999998,0.344,0.316,62.775,98.99999999999999
1989-04-23 10:25:00,0.3656,0.286,-0.0796,0.00633616,0.047403865950998096,-0.3608975735294117,-0.36391176470588243,0.13024705857941712,0.13243177249134955,0.1313348728611592,300.0,0.22249999999999998,0.3656,0.316,0.286,88.21499999999999,90.3
1989-04-23 10:30:00,0.5,0.276,-0.22399999999999998,0.05017599999999999,0.20070399999999997,-0.2264975735294117,-0.3739117647058824,0.051301150814711254,0.13981000778546715,0.08469010741998267,300.0,0.3656,0.5,0.286,0.276,129.83999999999997,84.30000000000001
1989-04-23 10:35:00,0.4532,0.297,-0.1562,0.02439844,0.1187906494485814,-0.2732975735294117,-0.3529117647058824,0.07469156369706419,0.12454671366782012,0.09644992896410035,300.0,0.5,0.4532,0.276,0.297,142.98000000000002,85.94999999999999
1989-04-23 10:40:00,0.3742,0.363,-0.011199999999999988,0.00012543999999999972,0.0008958359340475055,-0.3522975735294117,-0.2869117647058824,0.12411358031471126,0.08231836072664364,0.10107831852292389,300.0,0.4532,0.3742,0.297,0.363,124.10999999999999,98.99999999999999
1989-04-23 10:45:00,0.317,0.524,0.20700000000000002,0.042849000000000005,0.42640488013613437,-0.4094975735294117,-0.1259117647058824,0.16768826272647594,0.01585377249134949,0.05156056212586506,300.0,0.3742,0.317,0.363,0.524,103.68,133.05
1989-04-23 10:50:00,0.4,0.642,0.242,0.058564,0.366025,-0.32649757352941167,-0.007911764705882396,0.10660066552059358,6.259602076124635e-05,0.0025831719788062418,300.0,0.317,0.4,0.524,0.642,107.55000000000001,174.89999999999998
1989-04-23 10:55:00,0.7392,0.599,-0.1402,0.019656039999999996,0.03597262338130845,0.01270242647058828,-0.050911764705882434,0.0001613516382407018,0.002592007785467136,-0.0006467029476643632,300.0,0.4,0.7392,0.642,0.599,170.88,186.15
1989-04-23 11:00:00,1.722,0.564,-1.158,1.3409639999999998,0.4522211025992787,0.9955024264705883,-0.08591176470588247,0.991025081108829,0.007380831314878912,-0.08552537022707624,300.0,0.7392,1.722,0.599,0.564,369.17999999999995,174.44999999999996
1989-04-23 11:05:00,7.034000000000001,0.492,-6.542000000000001,42.79776400000001,0.8650004862850242,6.307502426470589,-0.15791176470588242,39.78458685993237,0.024936125432525973,-0.996028839050606,300.0,1.722,7.034000000000001,0.564,0.492,1313.4,158.4
1989-04-23 11:10:00,7.274,0.492,-6.782,45.995524,0.8692985944946575,6.547502426470588,-0.15791176470588242,42.86978802463824,0.024936125432525973,-1.0339276625800178,300.0,7.034000000000001,7.274,0.492,0.492,2146.2,147.6
1989-04-23 11:15:00,4.724,0.926,-3.798,14.424804,0.6463833230209334,3.9975024264705885,0.27608823529411763,15.980025649638243,0.07622471366782006,1.103663390508218,300.0,7.274,4.724,0.492,0.926,1799.7000000000003,212.70000000000002
1989-04-23 11:20:00,5.909,3.377,-2.532,6.411024,0.18361130728670674,5.182502426470588,2.7270882352941173,26.858331400373533,7.437010243079583,14.133141396611157,300.0,4.724,5.909,0.926,3.377,1594.9499999999998,645.45
1989-04-23 11:25:00,6.878,7.114,0.23599999999999977,0.05569599999999989,0.0011773339372764414,6.151502426470588,6.464088235294118,37.84098210287354,41.78443671366782,39.76385446433175,300.0,5.909,6.878,3.377,7.114,1918.05,1573.6499999999999
1989-04-23 11:30:00,7.226,5.759,-1.4669999999999996,2.152088999999999,0.04121585497644394,6.499502426470588,5.109088235294118,42.243531791697066,26.102782596020766,33.206531382346455,300.0,6.878,7.226,7.114,5.759,2115.6,1930.9500000000003
1989-04-23 11:35:00,7.442,4.762,-2.6800000000000006,7.182400000000003,0.1296851523861931,6.7155024264705885,4.1120882352941175,45.09797283993236,16.90926965484429,27.614738521978808,300.0,7.226,7.442,5.759,4.762,2200.2,1578.15
1989-04-23 11:40:00,4.633,6.654,2.021,4.084441,0.19028652127221593,3.9065024264705883,6.004088235294118,15.260761208020595,36.04907553719723,23.454985259919983,300.0,7.442,4.633,4.762,6.654,1811.25,1712.4
1989-04-23 11:45:00,3.3499999999999996,6.547,3.197,10.220809000000001,0.9107426152818002,2.623502426470588,5.897088235294118,6.882764981697063,34.775649654844294,15.471025294405274,300.0,4.633,3.3499999999999996,6.654,6.547,1197.45,1980.15
1989-04-23 11:50:00,2.693,6.021,3.328,11.075584,1.5271930128157483,1.9665024264705884,5.371088235294118,3.867131793314712,28.84858883131488,10.562258047493513,300.0,3.3499999999999996,2.693,6.547,6.021,906.4499999999999,1885.2
1989-04-23 11:55:00,2.142,3.39,1.2480000000000002,1.5575040000000004,0.339461274705961,1.4155024264705882,2.7400882352941176,2.003647119344123,7.508083537197232,3.8786015458023355,300.0,2.693,2.142,6.021,3.39,725.25,1411.6499999999999
1989-04-23 12:00:00,1.778,2.151,0.3729999999999998,0.13912899999999984,0.04401028189811476,1.0515024264705883,1.5010882352941173,1.105657352873535,2.2532658901384073,1.5783979217582178,300.0,2.142,1.778,3.39,2.151,588.0,831.1500000000001
1989-04-23 12:05:00,1.504,1.574,0.07000000000000006,0.0049000000000000085,0.0021662092575826203,0.7775024264705883,0.9240882352941177,0.6045100231676526,0.8539390666089965,0.7184808452141004,300.0,1.778,1.504,2.151,1.574,492.3,558.75
1989-04-23 12:10:00,1.306,1.253,-0.05300000000000016,0.0028090000000000168,0.0016468930064797041,0.5795024264705884,0.6030882352941175,0.3358230622852997,0.36371541955017284,0.3494910957288062,300.0,1.504,1.306,1.574,1.253,421.5,424.05
1989-04-23 12:15:00,1.152,1.005,-0.14700000000000002,0.021609000000000007,0.016282823350694448,0.4255024264705882,0.3550882352941175,0.18105231493235835,0.12608765484429055,0.15109090572880615,300.0,1.306,1.152,1.253,1.005,368.70000000000005,338.7
1989-04-23 12:20:00,1.0470000000000002,0.852,-0.19500000000000017,0.038025000000000066,0.034687728343773906,0.32050242647058846,0.20208823529411757,0.10272180537353497,0.04083965484429063,0.0647697697729239,300.0,1.152,1.0470000000000002,1.005,0.852,329.84999999999997,278.54999999999995
1989-04-23 12:25:00,0.9470000000000001,0.992,0.04499999999999993,0.002024999999999994,0.0022580058853111347,0.22050242647058838,0.3420882352941176,0.04862132007941723,0.11702436072664356,0.0754312859493945,300.0,1.0470000000000002,0.9470000000000001,0.852,0.992,299.1,276.59999999999997
1989-04-23 12:30:00,0.8747,1.192,0.3172999999999999,0.10067928999999995,0.13158969828378916,0.14820242647058834,0.5420882352941175,0.021963959211770145,0.29385965484429055,0.08033879183174744,300.0,0.9470000000000001,0.8747,0.992,1.192,273.255,327.6
1989-04-23 12:35:00,0.8114,1.206,0.39459999999999995,0.15570915999999996,0.23650708486152672,0.08490242647058832,0.5560882352941175,0.007208422020593657,0.3092341254325258,0.047213240508218034,300.0,0.8747,0.8114,1.192,1.206,252.91500000000002,359.69999999999993
1989-04-23 12:40:00,0.7392,1.434,0.6948,0.48274703999999996,0.8834779262944847,0.01270242647058828,0.7840882352941175,0.0001613516382407018,0.6147943607266434,0.00995982315527685,300.0,0.8114,0.7392,1.206,1.434,232.59,395.99999999999994
1989-04-23 12:45:00,0.6608,1.461,0.8002,0.6403200400000001,1.4664154425774905,-0.06569757352941163,0.8110882352941177,0.004316171167652448,0.6578641254325259,-0.05328652897707602,300.0,0.7392,0.6608,1.434,1.461,210.0,434.25
1989-04-23 12:50:00,0.5655,1.407,0.8415,0.7081222500000001,2.214333457633558,-0.16099757352941169,0.7570882352941176,0.02592021868235832,0.5731825960207612,-0.12188936883001723,300.0,0.6608,0.5655,1.461,1.407,183.94500000000002,430.20000000000005
1989-04-23 12:55:00,0.508,1.292,0.784,0.6146560000000001,2.3817967635935275,-0.21849757352941168,0.6420882352941176,0.047741189638240665,0.4122773019031142,-0.14029472140354665,300.0,0.5655,0.508,1.407,1.292,161.025,404.84999999999997
1989-04-23 13:00:00,0.4636,0.965,0.5014,0.25140196,1.1697197012389808,-0.2628975735294117,0.31508823529411756,0.06911513416765241,0.09928059602076118,-0.08283593250648784,300.0,0.508,0.4636,1.292,0.965,145.74,338.55
1989-04-23 13:05:00,0.4192,0.702,0.28279999999999994,0.07997583999999996,0.4551098785035834,-0.30729757352941167,0.052088235294117546,0.09443179869706417,0.0027131842560553527,-0.016006588315311383,300.0,0.4636,0.4192,0.965,0.702,132.42000000000002,250.04999999999998
1989-04-23 13:10:00,0.3742,0.578,0.20379999999999998,0.04153443999999999,0.29662024754894895,-0.3522975735294117,-0.07191176470588245,0.12411358031471126,0.005171301903114201,0.025334340214100377,300.0,0.4192,0.3742,0.702,0.578,119.01,191.99999999999997
1989-04-23 13:15:00,0.33699999999999997,0.503,0.16600000000000004,0.02755600000000001,0.24263663499722649,-0.3894975735294117,-0.1469117647058824,0.15170835978529948,0.021583066608996556,0.05722177587586507,300.0,0.3742,0.33699999999999997,0.578,0.503,106.67999999999999,162.15
1989-04-23 13:20:00,0.3059,0.407,0.10109999999999997,0.010221209999999993,0.10923035804187038,-0.4205975735294117,-0.24291176470588244,0.17690231885882887,0.059006125432525994,0.10216809881704154,300.0,0.33699999999999997,0.3059,0.503,0.407,96.435,136.5
1989-04-23 13:25:00,0.2985,0.314,0.015500000000000014,0.00024025000000000042,0.002696340440336809,-0.4279975735294117,-0.3359117647058824,0.18318192294706417,0.11283671366782011,0.14376942021410036,300.0,0.3059,0.2985,0.407,0.314,90.66000000000001,108.14999999999999
1989-04-23 13:30:00,0.276,0.242,-0.03400000000000003,0.001156000000000002,0.015175383322831363,-0.45049757352941167,-0.4079117647058824,0.20294806375588767,0.16639200778546717,0.18376326021410033,300.0,0.2985,0.276,0.314,0.242,86.175,83.4
1989-04-23 13:35:00,0.256,0.188,-0.068,0.0046240000000000005,0.070556640625,-0.4704975735294117,-0.4619117647058824,0.22136796669706416,0.21336247837370248,0.2173283644788062,300.0,0.276,0.256,0.242,0.188,79.80000000000001,64.5
1989-04-23 13:40:00,0.22949999999999998,0.148,-0.08149999999999999,0.006642249999999998,0.12611009061092363,-0.4969975735294117,-0.5019117647058824,0.247006588094123,0.25191541955017305,0.24944892918468858,300.0,0.256,0.22949999999999998,0.188,0.148,72.825,50.39999999999999
1989-04-23 13:45:00,0.2155,0.118,-0.0975,0.00950625,0.2046985104516018,-0.5109975735294117,-0.5319117647058824,0.26111852015294645,0.28293012543252605,0.2718056210964533,300.0,0.22949999999999998,0.2155,0.148,0.118,66.74999999999999,39.900000000000006
1989-04-23 13:50:00,0.20199999999999999,0.095,-0.10699999999999998,0.011448999999999997,0.2805852367414958,-0.5244975735294117,-0.5549117647058824,0.2750977046382407,0.30792706660899666,0.2910498741111592,300.0,0.2155,0.20199999999999999,0.118,0.095,62.625,31.95
1989-04-23 13:55:00,0.19599999999999998,0.076,-0.11999999999999998,0.014399999999999996,0.3748438150770512,-0.5304975735294117,-0.5739117647058825,0.2814276755205936,0.3293747136678202,0.3044587985964533,300.0,0.20199999999999999,0.19599999999999998,0.095,0.076,59.699999999999996,25.65
1989-04-23 14:00:00,0.19599999999999998,0.062,-0.13399999999999998,0.017955999999999996,0.46740941274468967,-0.5304975735294117,-0.5879117647058825,0.2814276755205936,0.3456402430795849,0.3118857646258651,300.0,0.19599999999999998,0.19599999999999998,0.076,0.062,58.8,20.700000000000003
1989-04-23 14:05:00,0.178,0.052,-0.126,0.015876,0.5010730968312083,-0.5484975735294118,-0.5979117647058824,0.30084958816765245,0.3574984783737024,0.32795315212586507,300.0,0.19599999999999998,0.178,0.062,0.052,56.1,17.099999999999998
1989-04-23 14:10:00,0.16299999999999998,0.047,-0.11599999999999998,0.013455999999999996,0.5064548910384282,-0.5634975735294117,-0.6029117647058824,0.3175295153735347,0.3635025960207613,0.33973931646410027,300.0,0.178,0.16299999999999998,0.052,0.047,51.15,14.850000000000001
1989-04-23 14:15:00,0.151,0.043,-0.108,0.011663999999999999,0.5115565106793561,-0.5754975735294117,-0.6069117647058824,0.3311974571382406,0.36834189013840835,0.34927624793468853,300.0,0.16299999999999998,0.151,0.047,0.043,47.099999999999994,13.5
1989-04-23 14:20:00,0.145,0.038,-0.10699999999999998,0.011448999999999997,0.5445422116527942,-0.5814975735294117,-0.6119117647058824,0.33813942802059355,0.37443600778546715,0.3558252063905709,300.0,0.151,0.145,0.043,0.038,44.4,12.149999999999999
1989-04-23 14:25:00,0.13999999999999999,0.034,-0.10599999999999998,0.011235999999999996,0.573265306122449,-0.5864975735294117,-0.6159117647058824,0.34397940375588765,0.3793473019031142,0.3612307555082179,300.0,0.145,0.13999999999999999,0.038,0.034,42.74999999999999,10.8
1989-04-23 14:30:00,0.13499999999999998,0.031,-0.10399999999999998,0.010815999999999996,0.5934705075445816,-0.5914975735294117,-0.6189117647058824,0.3498693794911818,0.38305177249134953,0.3660848070523356,300.0,0.13999999999999999,0.13499999999999998,0.034,0.031,41.24999999999999,9.75
1989-04-23 14:35:00,0.13,0.027,-0.10300000000000001,0.010609000000000002,0.6277514792899409,-0.5964975735294117,-0.6229117647058824,0.3558093552264759,0.3880190666089966,0.37156535616998265,300.0,0.13499999999999998,0.13,0.031,0.027,39.75,8.7
1989-04-23 14:40:00,0.1275,0.023,-0.10450000000000001,0.010920250000000001,0.6717570165321032,-0.5989975735294117,-0.6269117647058824,0.358798093094123,0.39301836072664365,0.37551862587586504,300.0,0.13,0.1275,0.027,0.023,38.625,7.5
1989-04-23 14:45:00,0.1225,0.019,-0.1035,0.01071225,0.7138525614327365,-0.6039975735294116,-0.6309117647058824,0.364813068829417,0.3980496548442907,0.38106917499351206,300.0,0.1275,0.1225,0.023,0.019,37.5,6.299999999999999
1989-04-23 14:50:00,0.12,0.016,-0.104,0.010816,0.7511111111111112,-0.6064975735294117,-0.6339117647058824,0.36783930669706416,0.401844125432526,0.384465947125865,300.0,0.1225,0.12,0.019,0.016,36.375,5.250000000000001
1989-04-23 14:55:00,0.1178,0.013,-0.1048,0.010983040000000001,0.7914654921437446,-0.6086975735294117,-0.6369117647058824,0.37051273602059354,0.4056565960207613,0.3876866457288062,300.0,0.12,0.1178,0.016,0.013,35.67,4.35
1989-04-23 15:00:00,0.16299999999999998,0.011,-0.15199999999999997,0.02310399999999999,0.869584854529715,-0.5634975735294117,-0.6389117647058824,0.3175295153735347,0.4082082430795848,0.36002522911115914,300.0,0.1178,0.16299999999999998,0.013,0.011,42.12,3.6
1989-04-23 15:05:00,0.252,0.014,-0.238,0.05664399999999999,0.8919753086419753,-0.4744975735294117,-0.6359117647058824,0.22514794728529944,0.40438377249134955,0.30173858933174735,300.0,0.16299999999999998,0.252,0.011,0.014,62.25,3.75
1989-04-23 15:45:00,0.1112,0.058,-0.05319999999999999,0.002830239999999999,0.22888308058589096,-0.6152975735294117,-0.5919117647058824,0.37859110399118184,0.35035953719723184,0.3642018725670415,2400.0,0.252,0.1112,0.014,0.058,435.84,86.4
1989-04-23 16:25:00,0.09579,0.01,-0.08579,0.007359924100000001,0.8021082608619413,-0.6307075735294116,-0.6399117647058824,0.3977920433073582,0.4094870666089966,0.4035971963905709,2400.0,0.1112,0.09579,0.058,0.01,248.388,81.60000000000001
1989-04-23 17:05:00,0.08695,0.002,-0.08495,0.007216502499999999,0.9545256291001584,-0.6395475735294117,-0.6479117647058824,0.40902109880735826,0.4197896548442907,0.41437039697880623,2400.0,0.09579,0.08695,0.01,0.002,219.288,14.4
1989-04-23 17:45:00,0.08695,0.001,-0.08595,0.0073874025,0.9771305447103471,-0.6395475735294117,-0.6489117647058824,0.40902109880735826,0.4210864783737025,0.41500994455233564,2400.0,0.08695,0.08695,0.002,0.001,208.68,3.6
1989-04-23 18:25:00,0.07005,0,-0.07005,0.0049070025,1.0,-0.6564475735294117,-0.6499117647058824,0.43092341679265245,0.42238530190311424,0.4266330009493945,2400.0,0.08695,0.07005,0.001,0,188.4,1.2
1989-04-23 19:05:00,0.0681,0,-0.0681,0.0046376099999999995,1.0,-0.6583975735294116,-0.6499117647058824,0.433487364829417,0.42238530190311424,0.4279003288905709,2400.0,0.07005,0.0681,0,0,165.78,0.0
1989-04-23 19:45:00,0.0681,0,-0.0681,0.0046376099999999995,1.0,-0.6583975735294116,-0.6499117647058824,0.433487364829417,0.42238530190311424,0.4279003288905709,2400.0,0.0681,0.0681,0,0,163.44,0.0
1989-04-23 20:25:00,0.0681,0,-0.0681,0.0046376099999999995,1.0,-0.6583975735294116,-0.6499117647058824,0.433487364829417,0.42238530190311424,0.4279003288905709,2400.0,0.0681,0.0681,0,0,163.44,0.0
1989-04-23 21:05:00,0.06615,0,-0.06615,0.0043758225,1.0,-0.6603475735294116,-0.6499117647058824,0.43605891786618173,0.42238530190311424,0.42916765683174735,2400.0,0.0681,0.06615,0,0,161.09999999999997,0.0
