Date_Time,Q_recorded,Q_predicted_3,Q_abs_diff,Q_rel_diff,Q_diff,Q_sqr_diff,Q_sqr_rel_diff,Q_var_rec,Q_sqr_var_rec,Q_var_pre,Q_sqr_var_pre,Q_prod_var_rec_pre,delta_time,Q_rec_lft,Q_rec_rgt,Q_pre_lft,Q_pre_rgt,Q_ave_rec,Q_ave_pre
1997-10-07 08:37:00,0.078,0.0,0.078,1.0,-0.078,0.006084,1.0,-0.5853047210300429,0.3425816164600564,-0.6896738197424892,0.4756499776381955,0.40366934266610177,,,,,,,
1997-10-07 08:42:00,0.078,0.002,0.076,0.9743589743589743,-0.076,0.005776,0.9493754109138725,-0.5853047210300429,0.3425816164600564,-0.6876738197424892,0.4728952823592255,0.40249873322404167,300.0,0.078,0.078,0.0,0.002,23.4,0.3
1997-10-07 08:47:00,0.078,0.002,0.076,0.9743589743589743,-0.076,0.005776,0.9493754109138725,-0.5853047210300429,0.3425816164600564,-0.6876738197424892,0.4728952823592255,0.40249873322404167,300.0,0.078,0.078,0.002,0.002,23.4,0.6
1997-10-07 08:52:00,0.13,0.041,0.089,0.6846153846153845,-0.089,0.007921,0.46869822485207085,-0.5333047210300429,0.28441392547293187,-0.6486738197424892,0.4207777244193113,0.3459408104772605,300.0,0.078,0.13,0.002,0.041,31.200000000000003,6.45
1997-10-07 08:57:00,0.323,0.099,0.224,0.6934984520123839,-0.224,0.050176000000000005,0.48094010294357276,-0.3403047210300429,0.11580730315533531,-0.5906738197424892,0.34889556132918265,0.20100908944721763,300.0,0.13,0.323,0.041,0.099,67.95,21.000000000000004
1997-10-07 09:02:00,0.496,0.174,0.322,0.6491935483870968,-0.322,0.10368400000000001,0.42145226326742974,-0.1673047210300429,0.02799086967894048,-0.5156738197424893,0.2659194883678093,0.0862746645545138,300.0,0.323,0.496,0.099,0.174,122.85,40.95
1997-10-07 09:07:00,0.422,0.23,0.19199999999999998,0.4549763033175355,-0.19199999999999998,0.036863999999999994,0.20700343658049009,-0.2413047210300429,0.05822796839138684,-0.4596738197424892,0.21130002055665048,0.1109214628377756,300.0,0.496,0.422,0.174,0.23,137.7,60.6
1997-10-07 09:12:00,0.386,0.259,0.127,0.3290155440414508,-0.127,0.016129,0.10825122822089184,-0.2773047210300429,0.0768979083055499,-0.4306738197424892,0.18547993901158608,0.11942788343863395,300.0,0.422,0.386,0.23,0.259,121.2,73.35
1997-10-07 09:17:00,0.422,0.328,0.09399999999999997,0.22274881516587672,-0.09399999999999997,0.008835999999999995,0.04961703465780191,-0.2413047210300429,0.05822796839138684,-0.3616738197424892,0.13080795188712258,0.08727360017683138,300.0,0.386,0.422,0.259,0.328,121.2,88.05
1997-10-07 09:22:00,0.499,0.446,0.05299999999999999,0.10621242484969938,-0.05299999999999999,0.002808999999999999,0.011281079192453039,-0.1643047210300429,0.026996041352760222,-0.2436738197424892,0.05937693042789512,0.04003675897511465,300.0,0.422,0.499,0.328,0.446,138.15,116.10000000000001
1997-10-07 09:27:00,0.504,0.524,0.020000000000000018,0.039682539682539715,0.020000000000000018,0.0004000000000000007,0.0015747039556563392,-0.1593047210300429,0.02537799414245979,-0.16567381974248918,0.027447814548066798,0.026392621636058853,300.0,0.499,0.504,0.446,0.524,150.45000000000002,145.5
1997-10-07 09:32:00,0.438,0.529,0.09100000000000003,0.20776255707762561,0.09100000000000003,0.008281000000000005,0.04316528012343364,-0.2253047210300429,0.05076221731842546,-0.16067381974248918,0.025816076350641905,0.036200570133912924,300.0,0.504,0.438,0.524,0.529,141.29999999999998,157.95
1997-10-07 09:37:00,0.344,0.461,0.11700000000000005,0.3401162790697676,0.11700000000000005,0.013689000000000012,0.11567908328826404,-0.3193047210300429,0.10195550487207354,-0.22867381974248918,0.052291715835620436,0.07301663021974983,300.0,0.438,0.344,0.529,0.461,117.30000000000001,148.5
1997-10-07 09:42:00,0.265,0.387,0.122,0.460377358490566,0.122,0.014884,0.2119473122107511,-0.3983047210300429,0.1586466507948203,-0.3026738197424892,0.09161144115750884,0.12055641133562964,300.0,0.344,0.265,0.461,0.387,91.35,127.20000000000002
1997-10-07 09:47:00,0.198,0.355,0.15699999999999997,0.7929292929292927,0.15699999999999997,0.02464899999999999,0.6287368635853481,-0.4653047210300429,0.21650848341284604,-0.3346738197424892,0.11200656562102816,0.1557253083313378,300.0,0.265,0.198,0.387,0.355,69.45,111.3
1997-10-07 09:52:00,0.157,0.322,0.165,1.0509554140127388,0.165,0.027225000000000003,1.1045072822426873,-0.5063047210300429,0.2563444705373095,-0.3676738197424892,0.13518403772403242,0.18615499073477126,300.0,0.198,0.157,0.355,0.322,53.25,101.55000000000001
1997-10-07 09:57:00,0.121,0.283,0.16199999999999998,1.3388429752066113,0.16199999999999998,0.026243999999999993,1.7925005122600908,-0.5423047210300429,0.29409441045147267,-0.40667381974248923,0.16538359566394661,0.22054113236567258,300.0,0.157,0.121,0.322,0.283,41.7,90.75
1997-10-07 10:02:00,0.097,0.238,0.141,1.4536082474226801,0.141,0.019880999999999996,2.112976936975236,-0.5663047210300429,0.32070103706091474,-0.4516738197424892,0.20400923944077065,0.25578501648584423,300.0,0.121,0.097,0.283,0.238,32.7,78.14999999999999
1997-10-07 10:07:00,0.083,0.205,0.12199999999999998,1.4698795180722888,0.12199999999999998,0.014883999999999996,2.160545797648424,-0.5803047210300429,0.33675356924975597,-0.48467381974248924,0.23490871154377496,0.2812585057562305,300.0,0.097,0.083,0.238,0.205,27.0,66.44999999999999
1997-10-07 10:12:00,0.078,0.205,0.127,1.6282051282051282,0.127,0.016129,2.651051939513478,-0.5853047210300429,0.3425816164600564,-0.48467381974248924,0.23490871154377496,0.283681874854943,300.0,0.083,0.078,0.205,0.205,24.150000000000002,61.49999999999999
1997-10-07 10:17:00,0.078,0.197,0.11900000000000001,1.5256410256410258,0.11900000000000001,0.014161000000000002,2.327580539119001,-0.5853047210300429,0.3425816164600564,-0.4926738197424892,0.24272749265965474,0.2883643126231833,300.0,0.078,0.078,0.205,0.197,23.4,60.300000000000004
1997-10-07 10:22:00,0.078,0.188,0.11,1.4102564102564104,0.11,0.0121,1.9888231426692968,-0.5853047210300429,0.3425816164600564,-0.5016738197424893,0.2516766214150196,0.2936320551124537,300.0,0.078,0.078,0.197,0.188,23.4,57.75
1997-10-07 10:27:00,0.078,0.173,0.09499999999999999,1.2179487179487178,0.09499999999999999,0.009024999999999998,1.4833990795529255,-0.5853047210300429,0.3425816164600564,-0.5166738197424892,0.26695183600729416,0.3024116259279043,300.0,0.078,0.078,0.188,0.173,23.4,54.15
1997-10-07 10:32:00,0.078,0.186,0.108,1.3846153846153846,0.108,0.011663999999999999,1.9171597633136093,-0.5853047210300429,0.3425816164600564,-0.5036738197424893,0.2536873166939896,0.2948026645545138,300.0,0.078,0.078,0.173,0.186,23.4,53.849999999999994
1997-10-07 10:37:00,0.102,0.237,0.135,1.323529411764706,0.135,0.018225,1.751730103806229,-0.5613047210300429,0.3150629898506143,-0.4526738197424892,0.20491358708025562,0.2540879521081618,300.0,0.078,0.102,0.186,0.237,27.0,63.449999999999996
1997-10-07 10:42:00,0.22,0.385,0.165,0.75,0.165,0.027225000000000003,0.5625,-0.4433047210300429,0.1965190756875242,-0.3046738197424892,0.0928261364364788,0.13506334266610176,300.0,0.102,0.22,0.237,0.385,48.300000000000004,93.3
1997-10-07 10:47:00,0.366,0.544,0.17800000000000005,0.4863387978142078,0.17800000000000005,0.03168400000000002,0.2365254262593689,-0.2973047210300429,0.08839009714675164,-0.14567381974248916,0.021220861758367227,0.043309514339921494,300.0,0.22,0.366,0.385,0.544,87.89999999999999,139.35
1997-10-07 10:52:00,0.496,0.716,0.21999999999999997,0.44354838709677413,0.21999999999999997,0.04839999999999999,0.1967351716961498,-0.1673047210300429,0.02799086967894048,0.026326180257510767,0.0006930677669509497,-0.004404494243769462,300.0,0.366,0.496,0.544,0.716,129.3,189.0
1997-10-07 10:57:00,0.58,0.889,0.30900000000000005,0.5327586206896553,0.30900000000000005,0.09548100000000004,0.283831747919144,-0.08330472103004294,0.006939676545893278,0.1993261802575108,0.03973092613604969,-0.01660481184033599,300.0,0.496,0.58,0.716,0.889,161.4,240.75
1997-10-07 11:02:00,0.695,1.036,0.3410000000000001,0.4906474820143886,0.3410000000000001,0.11628100000000005,0.24073495160705982,0.03169527896995705,0.0010045907089834018,0.34632618025751083,0.11994182313175789,0.010976904897861439,300.0,0.58,0.695,0.889,1.036,191.25,288.75
1997-10-07 11:07:00,0.81,1.194,0.3839999999999999,0.4740740740740739,0.3839999999999999,0.14745599999999992,0.22474622770919053,0.14669527896995715,0.021519504872073554,0.5043261802575107,0.2543448960931312,0.07398226970472843,300.0,0.695,0.81,1.036,1.194,225.74999999999997,334.5
1997-10-07 11:12:00,0.922,1.433,0.511,0.5542299349240781,0.511,0.261121,0.30717082076594787,0.25869527896995714,0.06692324736134395,0.7433261802575108,0.5525338102562215,0.19229497356738942,300.0,0.81,0.922,1.194,1.433,259.8,394.04999999999995
1997-10-07 11:17:00,0.998,1.501,0.5029999999999999,0.504008016032064,0.5029999999999999,0.2530089999999999,0.2540240802245773,0.3346952789699571,0.11202092976477741,0.8113261802575107,0.6582501707712427,0.2715470422369172,300.0,0.922,0.998,1.433,1.501,288.0,440.1
1997-10-07 11:22:00,0.928,1.338,0.41000000000000003,0.44181034482758624,0.41000000000000003,0.16810000000000003,0.19519638079667065,0.26469527896995715,0.07006359070898344,0.6483261802575109,0.4203268360072945,0.17160887914678857,300.0,0.998,0.928,1.501,1.338,288.90000000000003,425.85
1997-10-07 11:27:00,0.718,1.153,0.43500000000000005,0.605849582172702,0.43500000000000005,0.18922500000000006,0.3670537162188376,0.05469527896995707,0.0029915735416014286,0.4633261802575108,0.21467114931201542,0.02534175468326917,300.0,0.928,0.718,1.338,1.153,246.89999999999998,373.65000000000003
1997-10-07 11:32:00,0.54,1.031,0.4909999999999999,0.909259259259259,0.4909999999999999,0.24108099999999988,0.8267524005486964,-0.12330472103004286,0.015204054228296694,0.3413261802575107,0.1165035613291827,-0.04208712943690248,300.0,0.718,0.54,1.153,1.031,188.7,327.6
1997-10-07 11:37:00,0.443,0.95,0.5069999999999999,1.1444695259593678,0.5069999999999999,0.2570489999999999,1.3098104958496601,-0.2203047210300429,0.048534170108125024,0.26032618025751075,0.06776972012746599,-0.057351086518447565,300.0,0.54,0.443,1.031,0.95,147.45000000000002,297.15
1997-10-07 11:42:00,0.371,0.892,0.521,1.404312668463612,0.521,0.27144100000000004,1.9720940708073906,-0.2923047210300429,0.0854420499364512,0.2023261802575108,0.04093588321759476,-0.059140897677245875,300.0,0.443,0.371,0.95,0.892,122.10000000000001,276.3
1997-10-07 11:47:00,0.366,0.897,0.531,1.4508196721311477,0.531,0.281961,2.104877721042731,-0.2973047210300429,0.08839009714675164,0.20732618025751082,0.04298414502016987,-0.061639052183683644,300.0,0.371,0.366,0.892,0.897,110.55,268.35
1997-10-07 11:52:00,0.443,0.935,0.49200000000000005,1.1106094808126412,0.49200000000000005,0.24206400000000006,1.2334534188709245,-0.2203047210300429,0.048534170108125024,0.24532618025751085,0.06018493471974071,-0.05404651570299694,300.0,0.366,0.443,0.897,0.935,121.35,274.8
1997-10-07 11:57:00,0.559,0.983,0.42399999999999993,0.7584973166368514,0.42399999999999993,0.17977599999999994,0.5753181793453039,-0.10430472103004285,0.010879474829155062,0.2933261802575108,0.08604024802446171,-0.030595305402567722,300.0,0.443,0.559,0.935,0.983,150.3,287.70000000000005
1997-10-07 12:02:00,0.695,1.116,0.42100000000000015,0.6057553956834535,0.42100000000000015,0.17724100000000012,0.3669395993996173,0.03169527896995705,0.0010045907089834018,0.4263261802575109,0.18175401197295968,0.013512527215458005,300.0,0.559,0.695,0.983,1.116,188.1,314.85
1997-10-07 12:07:00,0.845,1.385,0.54,0.6390532544378699,0.54,0.2916,0.40838906200763286,0.18169527896995707,0.03301317439997053,0.6953261802575108,0.4834784969515004,0.1263374842970031,300.0,0.695,0.845,1.116,1.385,231.0,375.15000000000003
1997-10-07 12:12:00,0.941,1.563,0.622,0.6609989373007439,0.622,0.386884,0.4369195951127127,0.27769527896995705,0.07711466796220227,0.8733261802575107,0.7626986171231741,0.24251855725837645,300.0,0.845,0.941,1.385,1.563,267.9,442.2
1997-10-07 12:17:00,1.033,1.636,0.603,0.5837366892545983,0.603,0.36360899999999996,0.3407485223819195,0.369695278969957,0.13667459929267434,0.9463261802575107,0.8955332394407707,0.34985232120687426,300.0,0.941,1.033,1.563,1.636,296.09999999999997,479.84999999999997
1997-10-07 12:22:00,1.152,1.84,0.6880000000000002,0.5972222222222224,0.6880000000000002,0.4733440000000002,0.3566743827160496,0.488695278969957,0.23882307568752412,1.1503261802575109,1.3232503209858355,0.5621589735673893,300.0,1.033,1.152,1.636,1.84,327.74999999999994,521.4
1997-10-07 12:27:00,1.36,2.189,0.829,0.6095588235294117,0.829,0.6872409999999999,0.3715619593425605,0.6966952789699572,0.48538431173902646,1.4993261802575109,2.2479789948055777,1.044573471421467,300.0,1.152,1.36,1.84,2.189,376.8,604.35
1997-10-07 12:32:00,1.65,2.447,0.7970000000000002,0.48303030303030314,0.7970000000000002,0.6352090000000002,0.23331827364554647,0.986695278969957,0.9735675735416013,1.7573261802575109,3.0881953038184538,1.7339454456703935,300.0,1.36,1.65,2.189,2.447,451.49999999999994,695.4
1997-10-07 12:37:00,1.738,2.505,0.7669999999999999,0.4413118527042577,0.7669999999999999,0.5882889999999998,0.19475615133726445,1.074695278969957,1.154969942640314,1.8153261802575107,3.2954091407283244,1.9509224757133121,300.0,1.65,1.738,2.447,2.505,508.2,742.8
1997-10-07 12:42:00,1.747,2.501,0.7539999999999998,0.4315970234688035,0.7539999999999998,0.5685159999999997,0.18627599066713094,1.0836952789699572,1.1743954576617734,1.8113261802575107,3.280902531286264,1.96292563021975,300.0,1.738,1.747,2.505,2.501,522.75,750.9000000000001
1997-10-07 12:47:00,1.852,2.741,0.889,0.4800215982721382,0.889,0.790321,0.23042073480773803,1.1886952789699572,1.4129964662454644,2.0513261802575107,4.207939097809869,2.4384017460995784,300.0,1.747,1.852,2.501,2.741,539.85,786.3
1997-10-07 12:52:00,1.98,2.962,0.9820000000000002,0.49595959595959604,0.9820000000000002,0.9643240000000004,0.24597592082440575,1.316695278969957,1.7336864576617732,2.2723261802575108,5.163466269483689,2.9919611538249002,300.0,1.852,1.98,2.741,2.962,574.8,855.45
1997-10-07 12:57:00,2.06,3.086,1.0259999999999998,0.4980582524271844,1.0259999999999998,1.0526759999999995,0.2480620228108209,1.3966952789699572,1.9507577022969664,2.3963261802575104,5.74237916218755,3.3469374628377753,300.0,1.98,2.06,2.962,3.086,606.0,907.2
1997-10-07 13:02:00,2.29,3.302,1.012,0.44192139737991265,1.012,1.024144,0.19529452146221465,1.6266952789699571,2.6461375306231467,2.6123261802575106,6.824248072058796,4.249458664554513,300.0,2.06,2.29,3.086,3.302,652.5,958.1999999999999
1997-10-07 13:07:00,2.517,3.449,0.9319999999999999,0.37028208184346445,0.9319999999999999,0.8686239999999998,0.1371088201343301,1.853695278969957,3.436186187275507,2.759326180257511,7.613880969054505,5.114949913481553,300.0,2.29,2.517,3.302,3.449,721.0500000000001,1012.6499999999999
1997-10-07 13:12:00,2.77,3.691,0.9209999999999998,0.33249097472924183,0.9209999999999998,0.8482409999999997,0.11055024827640132,2.106695278969957,4.4381649984343055,3.001326180257511,9.00795884029914,6.322879694597432,300.0,2.517,2.77,3.449,3.691,793.05,1071.0
1997-10-07 13:17:00,3.12,3.832,0.7119999999999997,0.22820512820512812,0.7119999999999997,0.5069439999999996,0.05207758053911896,2.456695278969957,6.035351693713276,3.142326180257511,9.87421382313176,7.719737892022326,300.0,2.77,3.12,3.691,3.832,883.5000000000001,1128.45
1997-10-07 13:22:00,3.38,3.917,0.5369999999999999,0.1588757396449704,0.5369999999999999,0.28836899999999993,0.02524150064773642,2.716695278969957,7.380433238777653,3.227326180257511,10.415634273775535,8.767661797601724,300.0,3.12,3.38,3.832,3.917,975.0,1162.35
1997-10-07 13:27:00,3.28,3.983,0.7030000000000003,0.21432926829268303,0.7030000000000003,0.4942090000000004,0.0459370352468769,2.616695278969957,6.8470941829836605,3.2933261802575107,10.845997329569526,8.61763106798799,300.0,3.38,3.28,3.917,3.983,999.0,1185.0
1997-10-07 13:32:00,2.99,3.596,0.6059999999999999,0.20267558528428087,0.6059999999999999,0.36723599999999984,0.04107739287032581,2.3266952789699573,5.4135109211810875,2.906326180257511,8.446731866050214,6.76213540275194,300.0,3.28,2.99,3.983,3.596,940.4999999999999,1136.8500000000001
1997-10-07 13:37:00,2.38,3.093,0.7130000000000001,0.29957983193277316,0.7130000000000001,0.5083690000000001,0.08974807570086861,1.716695278969957,2.9470426808377383,2.403326180257511,5.775976728711158,4.125778707472969,300.0,2.99,2.38,3.596,3.093,805.5,1003.35
1997-10-07 13:42:00,2.1,2.784,0.6839999999999997,0.32571428571428557,0.6839999999999997,0.4678559999999996,0.10608979591836726,1.4366952789699572,2.064093324614563,2.094326180257511,4.386202149312016,3.0089085357991494,300.0,2.38,2.1,3.093,2.784,672.0000000000001,881.55
1997-10-07 13:47:00,2.18,2.693,0.5129999999999999,0.23532110091743114,0.5129999999999999,0.2631689999999999,0.05537602053699181,1.5166952789699573,2.3003645692497563,2.0033261802575106,4.013315784505148,3.038435359833484,300.0,2.1,2.18,2.784,2.693,642.0,821.5500000000001
1997-10-07 13:52:00,3.03,3.474,0.4440000000000004,0.14653465346534666,0.4440000000000004,0.19713600000000034,0.021472404666209234,2.366695278969957,5.601246543498682,2.784326180257511,7.7524722780673825,6.589651625927905,300.0,2.18,3.03,2.693,3.474,781.5,925.05
1997-10-07 13:57:00,4.988,5.016,0.02799999999999958,0.005613472333600557,0.02799999999999958,0.0007839999999999766,3.1511071640098886e-05,4.3246952789699575,18.702989255945038,4.326326180257511,18.717098217981547,18.710042407043787,300.0,3.03,4.988,3.474,5.016,1202.7,1273.5
1997-10-07 14:02:00,5.925,5.916,0.008999999999999453,0.0015189873417720595,-0.008999999999999453,8.099999999999015e-05,2.3073225444637475e-06,5.261695278969957,27.685437208734733,5.226326180257511,27.31448534244507,27.499335789018037,300.0,4.988,5.925,5.016,5.916,1636.95,1639.8
1997-10-07 14:07:00,5.519,5.689,0.16999999999999993,0.03080268164522557,0.16999999999999993,0.028899999999999974,0.0009488051965371162,4.855695278969957,23.57777664221113,4.999326180257511,24.993262256608155,24.275204531507306,300.0,5.925,5.519,5.916,5.689,1716.6,1740.75
1997-10-07 14:12:00,4.792,4.795,0.0030000000000001137,0.0006260434056761506,0.0030000000000001137,9.000000000000683e-06,3.919303457905933e-07,4.128695278969957,17.04612470658881,4.105326180257511,16.853703046307725,16.949640819060953,300.0,5.519,4.792,5.689,4.795,1546.65,1572.6
1997-10-07 14:17:00,4.368,3.917,0.4510000000000005,0.10325091575091586,-0.4510000000000005,0.20340100000000047,0.010660751603402723,3.7046952789699574,13.72476711002229,3.227326180257511,10.415634273775535,11.956260063696146,300.0,4.792,4.368,4.795,3.917,1374.0,1306.8
1997-10-07 14:22:00,3.18,3.046,0.13400000000000034,0.042138364779874316,-0.13400000000000034,0.01795600000000009,0.0017756417863217522,2.5166952789699573,6.333755127189671,2.3563261802575104,5.552273067766949,5.930154973567389,300.0,4.368,3.18,3.917,3.046,1132.2,1044.4499999999998
1997-10-07 14:27:00,2.27,2.306,0.03600000000000003,0.01585903083700442,0.03600000000000003,0.0012960000000000022,0.0002515088590890571,1.6066952789699571,2.5814697194643483,1.6163261802575108,2.6125103209858356,2.596943643095287,300.0,3.18,2.27,3.046,2.306,817.5,802.8000000000001
1997-10-07 14:32:00,1.73,1.825,0.09499999999999997,0.05491329479768785,0.09499999999999997,0.009024999999999995,0.003015469945537771,1.066695278969957,1.1378388181767947,1.1353261802575108,1.2889655355781098,1.2110470765716812,300.0,2.27,1.73,2.306,1.825,600.0,619.6500000000001
1997-10-07 14:37:00,1.408,1.595,0.18700000000000006,0.13281250000000006,0.18700000000000006,0.03496900000000002,0.017639160156250014,0.744695278969957,0.5545710585201421,0.9053261802575108,0.8196154926596548,0.6741921323656725,300.0,1.73,1.408,1.825,1.595,470.7,513.0
1997-10-07 14:42:00,1.272,1.465,0.19300000000000006,0.15172955974842772,0.19300000000000006,0.037249000000000025,0.0230218593014517,0.6086952789699571,0.37050994264031395,0.7753261802575109,0.6011306857927022,0.47193738558455683,300.0,1.408,1.272,1.595,1.465,401.99999999999994,459.0
1997-10-07 14:47:00,1.18,1.25,0.07000000000000006,0.05932203389830514,0.07000000000000006,0.0049000000000000085,0.0035191037058316644,0.516695278969957,0.2669740113098417,0.5603261802575108,0.3139654282819725,0.289517892022325,300.0,1.272,1.18,1.465,1.25,367.8,407.25
1997-10-07 14:52:00,0.991,0.99,0.0010000000000000009,0.0010090817356205861,-0.0010000000000000009,1.0000000000000019e-06,1.0182459491630544e-06,0.3276952789699571,0.107384195859198,0.3003261802575108,0.09019581454806687,0.09841547142146662,300.0,1.18,0.991,1.25,0.99,325.65,336.00000000000006
1997-10-07 14:57:00,0.754,0.775,0.02100000000000002,0.02785145888594167,0.02100000000000002,0.0004410000000000008,0.0007757037620752992,0.0906952789699571,0.008225633627438344,0.08532618025751082,0.007280557037337229,0.00773868172189579,300.0,0.991,0.754,0.99,0.775,261.75,264.75
1997-10-07 15:02:00,0.586,0.619,0.03300000000000003,0.05631399317406149,0.03300000000000003,0.0010890000000000019,0.0031712658272082437,-0.07730472103004293,0.0059760198935327625,-0.07067381974248921,0.004994788796993857,0.005463419919320669,300.0,0.754,0.586,0.775,0.619,200.99999999999997,209.10000000000002
1997-10-07 15:07:00,0.5,0.502,0.0020000000000000018,0.0040000000000000036,0.0020000000000000018,4.0000000000000074e-06,1.600000000000003e-05,-0.1633047210300429,0.026668431910700136,-0.1876738197424892,0.03522146261673633,0.030648020777689758,300.0,0.586,0.5,0.619,0.502,162.89999999999998,168.15
1997-10-07 15:12:00,0.422,0.414,0.008000000000000007,0.018957345971564,-0.008000000000000007,6.400000000000012e-05,0.0003593809662855738,-0.2413047210300429,0.05822796839138684,-0.2756738197424892,0.07599605489141444,0.0665213941682477,300.0,0.5,0.422,0.502,0.414,138.29999999999998,137.39999999999998
1997-10-07 15:17:00,0.362,0.347,0.015000000000000013,0.04143646408839783,-0.015000000000000013,0.0002250000000000004,0.001716980556149083,-0.3013047210300429,0.09078453491499199,-0.3426738197424892,0.11742534673690799,0.10324923966180993,300.0,0.422,0.362,0.414,0.347,117.60000000000001,114.14999999999999
1997-10-07 15:22:00,0.318,0.293,0.025000000000000022,0.07861635220125793,-0.025000000000000022,0.0006250000000000011,0.006180530833432232,-0.3453047210300429,0.11923535036563575,-0.3966738197424892,0.15735011926909684,0.13697334266610176,300.0,0.362,0.318,0.347,0.293,101.99999999999999,95.99999999999999
1997-10-07 15:27:00,0.285,0.249,0.035999999999999976,0.12631578947368413,-0.035999999999999976,0.0012959999999999983,0.01595567867036009,-0.3783047210300429,0.1431144619536186,-0.4406738197424892,0.19419341540643587,0.1667089864429258,300.0,0.318,0.285,0.293,0.249,90.45,81.30000000000001
1997-10-07 15:32:00,0.269,0.214,0.05500000000000002,0.204460966542751,-0.05500000000000002,0.0030250000000000025,0.041804286839595944,-0.3943047210300429,0.15547621302657993,-0.47567381974248923,0.22626558278841014,0.18756043279485712,300.0,0.285,0.269,0.249,0.214,83.10000000000001,69.44999999999999
1997-10-07 15:37:00,0.254,0.185,0.069,0.27165354330708663,-0.069,0.0047610000000000005,0.07379564759129519,-0.4093047210300429,0.16753035465748123,-0.5046738197424891,0.2546956643334744,0.20656537700086566,300.0,0.269,0.254,0.214,0.185,78.45,59.85
1997-10-07 15:42:00,0.24,0.161,0.07899999999999999,0.3291666666666666,-0.07899999999999999,0.006240999999999998,0.10835069444444441,-0.4233047210300429,0.17918688684632245,-0.5286738197424892,0.27949600768111393,0.22379012378198157,300.0,0.254,0.24,0.185,0.161,74.1,51.9
1997-10-07 15:47:00,0.22,0.141,0.07900000000000001,0.3590909090909092,-0.07900000000000001,0.006241000000000003,0.1289462809917356,-0.4433047210300429,0.1965190756875242,-0.5486738197424892,0.3010429604708135,0.24322969459743224,300.0,0.24,0.22,0.161,0.141,69.0,45.3
1997-10-07 15:52:00,0.204,0.124,0.07999999999999999,0.392156862745098,-0.07999999999999999,0.006399999999999998,0.15378700499807763,-0.45930472103004294,0.21096082676048558,-0.5656738197424892,0.3199868703420582,0.2598166559708228,300.0,0.22,0.204,0.141,0.124,63.6,39.75
1997-10-07 15:57:00,0.191,0.11,0.081,0.42408376963350786,-0.081,0.006561,0.17984704366656615,-0.4723047210300429,0.22307174950726663,-0.5796738197424892,0.33602173729484786,0.27378268172189574,300.0,0.204,0.191,0.124,0.11,59.25,35.099999999999994
1997-10-07 16:02:00,0.191,0.117,0.074,0.38743455497382195,-0.074,0.005475999999999999,0.15010553438776347,-0.4723047210300429,0.22307174950726663,-0.5726738197424892,0.327955303818453,0.27047654867468546,300.0,0.191,0.191,0.11,0.117,57.300000000000004,34.050000000000004
1997-10-07 16:07:00,0.198,0.124,0.07400000000000001,0.37373737373737376,-0.07400000000000001,0.005476000000000002,0.1396796245281094,-0.4653047210300429,0.21650848341284604,-0.5656738197424892,0.3199868703420582,0.2632106988892777,300.0,0.191,0.198,0.117,0.124,58.35,36.15
1997-10-07 16:12:00,0.254,0.167,0.087,0.34251968503937,-0.087,0.007568999999999999,0.11731973463946924,-0.4093047210300429,0.16753035465748123,-0.5226738197424892,0.27318792184420404,0.21393286197940645,300.0,0.198,0.254,0.124,0.167,67.8,43.650000000000006
1997-10-07 16:17:00,0.386,0.311,0.07500000000000001,0.19430051813471505,-0.07500000000000001,0.0056250000000000015,0.03775269134741873,-0.2773047210300429,0.0768979083055499,-0.3786738197424892,0.1433938617583672,0.10500803794507171,300.0,0.254,0.386,0.167,0.311,96.0,71.7
1997-10-07 16:22:00,0.708,0.644,0.06399999999999995,0.09039548022598863,-0.06399999999999995,0.004095999999999993,0.008171342845287102,0.044695278969957064,0.001997667962202286,-0.045673819742489186,0.002086097809869395,-0.0020414041150140865,300.0,0.386,0.708,0.311,0.644,164.09999999999997,143.25
1997-10-07 16:27:00,1.602,1.22,0.3820000000000001,0.23845193508114862,-0.3820000000000001,0.14592400000000008,0.05685932534394431,0.9386952789699572,0.8811488267604858,0.5303261802575108,0.2812458574665218,0.49781468172189586,300.0,0.708,1.602,0.644,1.22,346.5,279.59999999999997
1997-10-07 16:32:00,2.726,1.88,0.8460000000000001,0.3103448275862069,-0.8460000000000001,0.7157160000000001,0.09631391200951249,2.062695278969957,4.254711813884949,1.1903261802575107,1.416876415406436,2.4552801924515095,300.0,1.602,2.726,1.22,1.88,649.2,464.99999999999994
1997-10-07 16:37:00,3.43,2.871,0.5590000000000002,0.16297376093294463,-0.5590000000000002,0.3124810000000002,0.02656044675262859,2.7666952789699573,7.65460276667465,2.1813261802575106,4.758183904676821,6.035064844812024,300.0,2.726,3.43,1.88,2.871,923.4000000000001,712.6499999999999
1997-10-07 16:42:00,4.106,3.729,0.3769999999999998,0.09181685338528976,-0.3769999999999998,0.14212899999999984,0.008430334565575796,3.442695278969957,11.85215078384203,3.039326180257511,9.237503629998713,10.463473892022327,300.0,3.43,4.106,2.871,3.729,1130.3999999999999,990.0
1997-10-07 16:47:00,4.106,4.13,0.02400000000000002,0.0058451047247929915,0.02400000000000002,0.000576000000000001,3.4165249243797356e-05,3.442695278969957,11.85215078384203,3.440326180257511,11.835844226565236,11.843994698889277,300.0,4.106,4.106,3.729,4.13,1231.8,1178.85
1997-10-07 16:52:00,3.733,3.783,0.04999999999999982,0.013394053040449992,0.04999999999999982,0.0024999999999999823,0.00017940065685038766,3.069695278969957,9.423029105730443,3.0933261802575105,9.56866685746652,9.495568771850651,300.0,4.106,3.733,4.13,3.783,1175.8500000000001,1186.95
1997-10-07 16:57:00,2.594,2.7,0.10600000000000032,0.04086353122590606,0.10600000000000032,0.011236000000000067,0.0016698281842505995,1.930695278969957,3.72758426023688,2.010326180257511,4.0414113510287555,3.8813272654128834,300.0,3.733,2.594,3.783,2.7,949.05,972.45
1997-10-07 17:02:00,1.658,1.944,0.28600000000000003,0.172496984318456,0.28600000000000003,0.08179600000000002,0.029755209598961656,0.994695278969957,0.9894186980051206,1.2543261802575107,1.5733341664793974,1.2476723297905652,300.0,2.594,1.658,2.7,1.944,637.8,696.6
1997-10-07 17:07:00,1.145,1.489,0.3440000000000001,0.3004366812227075,0.3440000000000001,0.11833600000000005,0.09026219942411477,0.4816952789699571,0.23203034178194482,0.7993261802575109,0.6389223424450629,0.38503164738713197,300.0,1.658,1.145,1.944,1.489,420.45,514.9499999999999
1997-10-07 17:12:00,0.916,1.195,0.279,0.30458515283842796,0.279,0.07784100000000002,0.09277211532960852,0.25269527896995714,0.06385490401370446,0.5053261802575109,0.25535454845364636,0.12769354009099457,300.0,1.145,0.916,1.489,1.195,309.15,402.6
1997-10-07 17:17:00,0.766,0.997,0.23099999999999998,0.3015665796344647,0.23099999999999998,0.05336099999999999,0.09094240195242995,0.10269527896995712,0.010546320322717316,0.3073261802575108,0.09444938107167201,0.031560947816316395,300.0,0.916,0.766,1.195,0.997,252.29999999999998,328.8
1997-10-07 17:22:00,0.671,0.818,0.1469999999999999,0.2190760059612517,0.1469999999999999,0.021608999999999972,0.04799429638793439,0.007695278969957142,5.921731842546466e-05,0.12832618025751075,0.01646760853948314,0.0009875057562305518,300.0,0.766,0.671,0.997,0.818,215.55,272.25
1997-10-07 17:27:00,0.57,0.656,0.08600000000000008,0.15087719298245628,0.08600000000000008,0.007396000000000013,0.022763927362265353,-0.09330472103004295,0.008705770966494138,-0.033673819742489175,0.0011339261360496537,0.003141926357088905,300.0,0.671,0.57,0.818,0.656,186.15,221.1
1997-10-07 17:32:00,0.5,0.53,0.030000000000000027,0.06000000000000005,0.030000000000000027,0.0009000000000000016,0.0036000000000000064,-0.1633047210300429,0.026668431910700136,-0.15967381974248918,0.025495728711156927,0.02607548858884855,300.0,0.57,0.5,0.656,0.53,160.49999999999997,177.89999999999998
1997-10-07 17:37:00,0.432,0.435,0.0030000000000000027,0.006944444444444451,0.0030000000000000027,9.000000000000015e-06,4.82253086419754e-05,-0.2313047210300429,0.05350187397078597,-0.2546738197424892,0.06485875446222988,0.0589072568291919,300.0,0.5,0.432,0.53,0.435,139.79999999999998,144.75
1997-10-07 17:42:00,0.376,0.363,0.013000000000000012,0.03457446808510641,-0.013000000000000012,0.0001690000000000003,0.0011953938433680417,-0.2873047210300429,0.08254400272615077,-0.3266738197424892,0.10671578450514833,0.09385493064893438,300.0,0.432,0.376,0.435,0.363,121.2,119.7
1997-10-07 17:47:00,0.336,0.305,0.031000000000000028,0.09226190476190484,-0.031000000000000028,0.0009610000000000017,0.008512259070294799,-0.3273047210300429,0.10712838040855419,-0.3846738197424892,0.14797394759527707,0.12590555725837643,300.0,0.376,0.336,0.363,0.305,106.8,100.19999999999999
1997-10-07 17:52:00,0.317,0.26,0.056999999999999995,0.17981072555205047,-0.056999999999999995,0.0032489999999999993,0.032331897023554816,-0.3463047210300429,0.11992695980769584,-0.4296738197424892,0.1846195913721011,0.14879807227983566,300.0,0.336,0.317,0.305,0.26,97.95,84.74999999999999
1997-10-07 17:57:00,0.297,0.222,0.07499999999999998,0.2525252525252525,-0.07499999999999998,0.005624999999999997,0.06376900316294254,-0.3663047210300429,0.13417914864889757,-0.4676738197424892,0.2187188016725303,0.1713111280738271,300.0,0.317,0.297,0.26,0.222,92.1,72.3
1997-10-07 18:02:00,0.276,0.192,0.08400000000000002,0.30434782608695654,-0.08400000000000002,0.007056000000000003,0.09262759924385634,-0.3873047210300429,0.15000494693215935,-0.4976738197424892,0.24767923085707963,0.19275141991932063,300.0,0.297,0.276,0.222,0.192,85.94999999999999,62.10000000000001
1997-10-07 18:07:00,0.261,0.167,0.094,0.36015325670498083,-0.094,0.008836,0.12971036831520383,-0.4023047210300429,0.16184908856306063,-0.5226738197424892,0.27318792184420404,0.21027414524120902,300.0,0.276,0.261,0.192,0.167,80.55000000000001,53.849999999999994
1997-10-07 18:12:00,0.24,0.146,0.094,0.39166666666666666,-0.094,0.008836,0.15340277777777778,-0.4233047210300429,0.17918688684632245,-0.5436738197424892,0.2955812222733886,0.23013969459743222,300.0,0.261,0.24,0.167,0.146,75.15,46.95
1997-10-07 18:17:00,0.228,0.128,0.1,0.4385964912280702,-0.1,0.010000000000000002,0.19236688211757466,-0.4353047210300429,0.18949020015104348,-0.5616738197424892,0.3154774797841183,0.24449926541288286,300.0,0.24,0.228,0.146,0.128,70.19999999999999,41.1
1997-10-07 18:22:00,0.224,0.113,0.111,0.4955357142857143,-0.111,0.012321,0.24555564413265307,-0.4393047210300429,0.19298863791928383,-0.5766738197424892,0.33255269437639295,0.2533355315073035,300.0,0.228,0.224,0.128,0.113,67.8,36.15
1997-10-07 18:27:00,0.216,0.1,0.11599999999999999,0.537037037037037,-0.11599999999999999,0.013455999999999997,0.28840877914951984,-0.44730472103004293,0.20008151345576453,-0.5896738197424892,0.34771521368969766,0.26376388343863394,300.0,0.224,0.216,0.113,0.1,66.0,31.950000000000003
1997-10-07 18:32:00,0.204,0.088,0.11599999999999999,0.5686274509803921,-0.11599999999999999,0.013455999999999997,0.32333717800845824,-0.45930472103004294,0.21096082676048558,-0.6016738197424892,0.3620113853635174,0.27635162592790435,300.0,0.216,0.204,0.1,0.088,63.0,28.2
1997-10-07 18:37:00,0.198,0.079,0.11900000000000001,0.601010101010101,-0.11900000000000001,0.014161000000000002,0.3612131415161718,-0.4653047210300429,0.21650848341284604,-0.6106738197424892,0.3729225141188822,0.28414941133562965,300.0,0.204,0.198,0.088,0.079,60.300000000000004,25.049999999999997
1997-10-07 18:42:00,0.191,0.07,0.121,0.6335078534031413,-0.121,0.014641,0.40133220032345596,-0.4723047210300429,0.22307174950726663,-0.6196738197424891,0.3839956428742469,0.29267487056309743,300.0,0.198,0.191,0.079,0.07,58.35,22.35
1997-10-07 18:47:00,0.184,0.063,0.121,0.657608695652174,-0.121,0.014641,0.43244919659735354,-0.4793047210300429,0.22973301560168724,-0.6266738197424893,0.39272007635064193,0.30036772034850523,300.0,0.191,0.184,0.07,0.063,56.25,19.950000000000003
1997-10-07 18:52:00,0.174,0.056,0.118,0.67816091954023,-0.118,0.013923999999999999,0.4599022327916502,-0.4893047210300429,0.2394191100222881,-0.6336738197424892,0.40154250982703665,0.31005959159314034,300.0,0.184,0.174,0.063,0.056,53.699999999999996,17.849999999999998
1997-10-07 18:57:00,0.174,0.05,0.12399999999999999,0.7126436781609196,-0.12399999999999999,0.015375999999999996,0.5078610120227243,-0.4893047210300429,0.2394191100222881,-0.6396738197424892,0.4091825956639465,0.3129954199193206,300.0,0.174,0.174,0.056,0.05,52.199999999999996,15.900000000000002
1997-10-07 19:02:00,0.174,0.053,0.121,0.6954022988505747,-0.121,0.014641,0.483584357246664,-0.4893047210300429,0.2394191100222881,-0.6366738197424892,0.40535355274549156,0.3115275057562305,300.0,0.174,0.174,0.05,0.053,52.199999999999996,15.450000000000001
1997-10-07 19:07:00,0.174,0.061,0.11299999999999999,0.6494252873563218,-0.11299999999999999,0.012768999999999997,0.4217532038578411,-0.4893047210300429,0.2394191100222881,-0.6286738197424893,0.3952307716296119,0.3076130679879902,300.0,0.174,0.174,0.053,0.061,52.199999999999996,17.099999999999998
1997-10-07 19:12:00,0.174,0.06,0.11399999999999999,0.6551724137931034,-0.11399999999999999,0.012995999999999997,0.42925089179548154,-0.4893047210300429,0.2394191100222881,-0.6296738197424891,0.3964891192690967,0.3081023727090202,300.0,0.174,0.174,0.061,0.06,52.199999999999996,18.15
1997-10-07 19:17:00,0.174,0.059,0.11499999999999999,0.6609195402298851,-0.11499999999999999,0.013224999999999997,0.43681463865768266,-0.4893047210300429,0.2394191100222881,-0.6306738197424893,0.3977494669085818,0.3085916774300503,300.0,0.174,0.174,0.06,0.059,52.199999999999996,17.849999999999998
1997-10-07 19:22:00,0.174,0.06,0.11399999999999999,0.6551724137931034,-0.11399999999999999,0.012995999999999997,0.42925089179548154,-0.4893047210300429,0.2394191100222881,-0.6296738197424891,0.3964891192690967,0.3081023727090202,300.0,0.174,0.174,0.059,0.06,52.199999999999996,17.849999999999998
1997-10-07 19:27:00,0.174,0.058,0.11599999999999999,0.6666666666666666,-0.11599999999999999,0.013455999999999997,0.4444444444444444,-0.4893047210300429,0.2394191100222881,-0.6316738197424892,0.39901181454806667,0.30908098215108026,300.0,0.174,0.174,0.06,0.058,52.199999999999996,17.7
1997-10-07 19:32:00,0.174,0.053,0.121,0.6954022988505747,-0.121,0.014641,0.483584357246664,-0.4893047210300429,0.2394191100222881,-0.6366738197424892,0.40535355274549156,0.3115275057562305,300.0,0.174,0.174,0.058,0.053,52.199999999999996,16.65
1997-10-07 19:37:00,0.175,0.048,0.127,0.7257142857142858,-0.127,0.016129,0.526661224489796,-0.4883047210300429,0.23844150058022803,-0.6416738197424892,0.41174529094291645,0.3133323555416382,300.0,0.174,0.175,0.053,0.048,52.349999999999994,15.15
1997-10-07 19:42:00,0.166,0.043,0.12300000000000001,0.7409638554216867,-0.12300000000000001,0.015129000000000004,0.5490274350413703,-0.49730472103004286,0.24731198555876877,-0.6466738197424892,0.4181870291403414,0.3215939435244708,300.0,0.175,0.166,0.048,0.043,51.15,13.65
1997-10-07 19:47:00,0.151,0.038,0.11299999999999999,0.7483443708609271,-0.11299999999999999,0.012768999999999997,0.5600192973992367,-0.5123047210300429,0.26245612718967004,-0.6516738197424892,0.42467876733776627,0.33385557442575836,300.0,0.166,0.151,0.043,0.038,47.55,12.149999999999999
1997-10-07 19:52:00,0.148,0.034,0.11399999999999999,0.7702702702702703,-0.11399999999999999,0.012995999999999997,0.5933162892622352,-0.5153047210300429,0.26553895551585033,-0.6556738197424892,0.4299081578957062,0.337871814769106,300.0,0.151,0.148,0.038,0.034,44.85,10.8
1997-10-07 19:57:00,0.148,0.03,0.118,0.7972972972972973,-0.118,0.013923999999999999,0.6356829802775749,-0.5153047210300429,0.26553895551585033,-0.6596738197424892,0.4351695484536461,0.3399330336532262,300.0,0.148,0.148,0.034,0.03,44.4,9.6
1997-10-07 20:02:00,0.148,0.027,0.121,0.8175675675675675,-0.121,0.014641,0.6684167275383491,-0.5153047210300429,0.26553895551585033,-0.6626738197424892,0.43913659137210104,0.3414789478163163,300.0,0.148,0.148,0.03,0.027,44.4,8.549999999999999
1997-10-07 20:07:00,0.148,0.024,0.124,0.8378378378378378,-0.124,0.015375999999999999,0.701972242512783,-0.5153047210300429,0.26553895551585033,-0.6656738197424892,0.44312163429055595,0.34302486197940646,300.0,0.148,0.148,0.027,0.024,44.4,7.65
1997-10-07 20:12:00,0.148,0.022,0.126,0.8513513513513514,-0.126,0.015876,0.7247991234477722,-0.5153047210300429,0.26553895551585033,-0.6676738197424892,0.44578832956952597,0.34405547142146653,300.0,0.148,0.148,0.024,0.022,44.4,6.8999999999999995
1997-10-07 20:17:00,0.148,0.02,0.128,0.8648648648648649,-0.128,0.016384,0.7479912344777211,-0.5153047210300429,0.26553895551585033,-0.6696738197424892,0.4484630248484959,0.3450860808635266,300.0,0.148,0.148,0.022,0.02,44.4,6.299999999999999
1997-10-07 20:22:00,0.148,0.018,0.13,0.8783783783783784,-0.13,0.016900000000000002,0.7715485756026297,-0.5153047210300429,0.26553895551585033,-0.6716738197424892,0.45114572012746584,0.34611669030558667,300.0,0.148,0.148,0.02,0.018,44.4,5.7
1997-10-07 20:27:00,0.148,0.016,0.132,0.891891891891892,-0.132,0.017424000000000002,0.7954711468224983,-0.5153047210300429,0.26553895551585033,-0.6736738197424892,0.4538364154064358,0.3471472997476468,300.0,0.148,0.148,0.018,0.016,44.4,5.1000000000000005
1997-10-07 20:32:00,0.148,0.014,0.13399999999999998,0.9054054054054053,-0.13399999999999998,0.017955999999999996,0.8197589481373263,-0.5153047210300429,0.26553895551585033,-0.6756738197424892,0.45653511068540575,0.34817790918970687,300.0,0.148,0.148,0.016,0.014,44.4,4.5
1997-10-07 20:37:00,0.148,0.013,0.13499999999999998,0.9121621621621621,-0.13499999999999998,0.018224999999999995,0.8320398100803504,-0.5153047210300429,0.26553895551585033,-0.6766738197424892,0.45788745832489075,0.34869321391073693,300.0,0.148,0.148,0.014,0.013,44.4,4.05
1997-10-07 20:42:00,0.148,0.012,0.13599999999999998,0.9189189189189189,-0.13599999999999998,0.018495999999999995,0.8444119795471146,-0.5153047210300429,0.26553895551585033,-0.6776738197424892,0.45924180596437575,0.34920851863176694,300.0,0.148,0.148,0.013,0.012,44.4,3.75
1997-10-07 20:47:00,0.148,0.011,0.13699999999999998,0.9256756756756757,-0.13699999999999998,0.018768999999999994,0.8568754565376187,-0.5153047210300429,0.26553895551585033,-0.6786738197424892,0.4605981536038607,0.349723823352797,300.0,0.148,0.148,0.012,0.011,44.4,3.4499999999999997
1997-10-07 20:52:00,0.148,0.01,0.13799999999999998,0.9324324324324323,-0.13799999999999998,0.019043999999999995,0.8694302410518625,-0.5153047210300429,0.26553895551585033,-0.6796738197424892,0.4619565012433457,0.35023912807382707,300.0,0.148,0.148,0.011,0.01,44.4,3.1499999999999995
1997-10-07 20:57:00,0.148,0.009,0.13899999999999998,0.9391891891891891,-0.13899999999999998,0.019320999999999994,0.8820763330898466,-0.5153047210300429,0.26553895551585033,-0.6806738197424892,0.46331684888283065,0.3507544327948571,300.0,0.148,0.148,0.01,0.009,44.4,2.85
1997-10-07 21:02:00,0.148,0.008,0.13999999999999999,0.9459459459459459,-0.13999999999999999,0.019599999999999996,0.8948137326515705,-0.5153047210300429,0.26553895551585033,-0.6816738197424892,0.46467919652231565,0.35126973751588714,300.0,0.148,0.148,0.009,0.008,44.4,2.5500000000000003
1997-10-07 21:07:00,0.148,0.007,0.141,0.9527027027027026,-0.141,0.019880999999999996,0.9076424397370342,-0.5153047210300429,0.26553895551585033,-0.6826738197424892,0.4660435441618006,0.3517850422369172,300.0,0.148,0.148,0.008,0.007,44.4,2.25
1997-10-07 21:12:00,0.148,0.007,0.141,0.9527027027027026,-0.141,0.019880999999999996,0.9076424397370342,-0.5153047210300429,0.26553895551585033,-0.6826738197424892,0.4660435441618006,0.3517850422369172,300.0,0.148,0.148,0.007,0.007,44.4,2.1
1997-10-07 21:17:00,0.148,0.006,0.142,0.9594594594594594,-0.142,0.020163999999999998,0.9205624543462381,-0.5153047210300429,0.26553895551585033,-0.6836738197424892,0.4674098918012856,0.3523003469579472,300.0,0.148,0.148,0.007,0.006,44.4,1.9500000000000002
1997-10-07 21:22:00,0.148,0.005,0.143,0.9662162162162162,-0.143,0.020448999999999995,0.9335737764791819,-0.5153047210300429,0.26553895551585033,-0.6846738197424892,0.46877823944077057,0.35281565167897727,300.0,0.148,0.148,0.006,0.005,44.4,1.65
1997-10-07 21:27:00,0.148,0.005,0.143,0.9662162162162162,-0.143,0.020448999999999995,0.9335737764791819,-0.5153047210300429,0.26553895551585033,-0.6846738197424892,0.46877823944077057,0.35281565167897727,300.0,0.148,0.148,0.005,0.005,44.4,1.5
1997-10-07 21:32:00,0.148,0.004,0.144,0.9729729729729729,-0.144,0.020735999999999997,0.9466764061358655,-0.5153047210300429,0.26553895551585033,-0.6856738197424892,0.4701485870802556,0.3533309564000073,300.0,0.148,0.148,0.005,0.004,44.4,1.35
1997-10-07 21:37:00,0.148,0.004,0.144,0.9729729729729729,-0.144,0.020735999999999997,0.9466764061358655,-0.5153047210300429,0.26553895551585033,-0.6856738197424892,0.4701485870802556,0.3533309564000073,300.0,0.148,0.148,0.004,0.004,44.4,1.2
1997-10-07 21:42:00,0.148,0.004,0.144,0.9729729729729729,-0.144,0.020735999999999997,0.9466764061358655,-0.5153047210300429,0.26553895551585033,-0.6856738197424892,0.4701485870802556,0.3533309564000073,300.0,0.148,0.148,0.004,0.004,44.4,1.2
1997-10-07 21:47:00,0.148,0.003,0.145,0.9797297297297297,-0.145,0.021025,0.9598703433162893,-0.5153047210300429,0.26553895551585033,-0.6866738197424892,0.47152093471974055,0.35384626112103734,300.0,0.148,0.148,0.004,0.003,44.4,1.05
1997-10-07 21:52:00,0.148,0.003,0.145,0.9797297297297297,-0.145,0.021025,0.9598703433162893,-0.5153047210300429,0.26553895551585033,-0.6866738197424892,0.47152093471974055,0.35384626112103734,300.0,0.148,0.148,0.003,0.003,44.4,0.9
1997-10-07 21:57:00,0.148,0.003,0.145,0.9797297297297297,-0.145,0.021025,0.9598703433162893,-0.5153047210300429,0.26553895551585033,-0.6866738197424892,0.47152093471974055,0.35384626112103734,300.0,0.148,0.148,0.003,0.003,44.4,0.9
1997-10-07 22:02:00,0.148,0.002,0.146,0.9864864864864865,-0.146,0.021315999999999998,0.973155588020453,-0.5153047210300429,0.26553895551585033,-0.6876738197424892,0.4728952823592255,0.3543615658420674,300.0,0.148,0.148,0.003,0.002,44.4,0.75
1997-10-07 22:07:00,0.148,0.002,0.146,0.9864864864864865,-0.146,0.021315999999999998,0.973155588020453,-0.5153047210300429,0.26553895551585033,-0.6876738197424892,0.4728952823592255,0.3543615658420674,300.0,0.148,0.148,0.002,0.002,44.4,0.6
1997-10-07 22:12:00,0.148,0.002,0.146,0.9864864864864865,-0.146,0.021315999999999998,0.973155588020453,-0.5153047210300429,0.26553895551585033,-0.6876738197424892,0.4728952823592255,0.3543615658420674,300.0,0.148,0.148,0.002,0.002,44.4,0.6
1997-10-07 22:17:00,0.148,0.002,0.146,0.9864864864864865,-0.146,0.021315999999999998,0.973155588020453,-0.5153047210300429,0.26553895551585033,-0.6876738197424892,0.4728952823592255,0.3543615658420674,300.0,0.148,0.148,0.002,0.002,44.4,0.6
1997-10-07 22:22:00,0.148,0.002,0.146,0.9864864864864865,-0.146,0.021315999999999998,0.973155588020453,-0.5153047210300429,0.26553895551585033,-0.6876738197424892,0.4728952823592255,0.3543615658420674,300.0,0.148,0.148,0.002,0.002,44.4,0.6
1997-10-07 22:27:00,0.148,0.002,0.146,0.9864864864864865,-0.146,0.021315999999999998,0.973155588020453,-0.5153047210300429,0.26553895551585033,-0.6876738197424892,0.4728952823592255,0.3543615658420674,300.0,0.148,0.148,0.002,0.002,44.4,0.6
1997-10-07 22:32:00,0.148,0.001,0.147,0.9932432432432432,-0.147,0.021608999999999996,0.9865321402483563,-0.5153047210300429,0.26553895551585033,-0.6886738197424892,0.47427162999871053,0.3548768705630974,300.0,0.148,0.148,0.002,0.001,44.4,0.45
1997-10-07 22:37:00,0.148,0.001,0.147,0.9932432432432432,-0.147,0.021608999999999996,0.9865321402483563,-0.5153047210300429,0.26553895551585033,-0.6886738197424892,0.47427162999871053,0.3548768705630974,300.0,0.148,0.148,0.001,0.001,44.4,0.3
1997-10-07 22:42:00,0.148,0.001,0.147,0.9932432432432432,-0.147,0.021608999999999996,0.9865321402483563,-0.5153047210300429,0.26553895551585033,-0.6886738197424892,0.47427162999871053,0.3548768705630974,300.0,0.148,0.148,0.001,0.001,44.4,0.3
1997-10-07 22:47:00,0.148,0.001,0.147,0.9932432432432432,-0.147,0.021608999999999996,0.9865321402483563,-0.5153047210300429,0.26553895551585033,-0.6886738197424892,0.47427162999871053,0.3548768705630974,300.0,0.148,0.148,0.001,0.001,44.4,0.3
1997-10-07 22:52:00,0.148,0.001,0.147,0.9932432432432432,-0.147,0.021608999999999996,0.9865321402483563,-0.5153047210300429,0.26553895551585033,-0.6886738197424892,0.47427162999871053,0.3548768705630974,300.0,0.148,0.148,0.001,0.001,44.4,0.3
1997-10-07 22:57:00,0.148,0.001,0.147,0.9932432432432432,-0.147,0.021608999999999996,0.9865321402483563,-0.5153047210300429,0.26553895551585033,-0.6886738197424892,0.47427162999871053,0.3548768705630974,300.0,0.148,0.148,0.001,0.001,44.4,0.3
1997-10-07 23:02:00,0.148,0.001,0.147,0.9932432432432432,-0.147,0.021608999999999996,0.9865321402483563,-0.5153047210300429,0.26553895551585033,-0.6886738197424892,0.47427162999871053,0.3548768705630974,300.0,0.148,0.148,0.001,0.001,44.4,0.3
1997-10-07 23:07:00,0.148,0.001,0.147,0.9932432432432432,-0.147,0.021608999999999996,0.9865321402483563,-0.5153047210300429,0.26553895551585033,-0.6886738197424892,0.47427162999871053,0.3548768705630974,300.0,0.148,0.148,0.001,0.001,44.4,0.3
1997-10-07 23:12:00,0.148,0.001,0.147,0.9932432432432432,-0.147,0.021608999999999996,0.9865321402483563,-0.5153047210300429,0.26553895551585033,-0.6886738197424892,0.47427162999871053,0.3548768705630974,300.0,0.148,0.148,0.001,0.001,44.4,0.3
1997-10-07 23:17:00,0.148,0.001,0.147,0.9932432432432432,-0.147,0.021608999999999996,0.9865321402483563,-0.5153047210300429,0.26553895551585033,-0.6886738197424892,0.47427162999871053,0.3548768705630974,300.0,0.148,0.148,0.001,0.001,44.4,0.3
1997-10-07 23:22:00,0.148,0.001,0.147,0.9932432432432432,-0.147,0.021608999999999996,0.9865321402483563,-0.5153047210300429,0.26553895551585033,-0.6886738197424892,0.47427162999871053,0.3548768705630974,300.0,0.148,0.148,0.001,0.001,44.4,0.3
1997-10-07 23:27:00,0.148,0.0,0.148,1.0,-0.148,0.021903999999999996,1.0,-0.5153047210300429,0.26553895551585033,-0.6896738197424892,0.4756499776381955,0.3553921752841275,300.0,0.148,0.148,0.001,0.0,44.4,0.15
1997-10-07 23:32:00,0.148,0.0,0.148,1.0,-0.148,0.021903999999999996,1.0,-0.5153047210300429,0.26553895551585033,-0.6896738197424892,0.4756499776381955,0.3553921752841275,300.0,0.148,0.148,0.0,0.0,44.4,0.0
1997-10-07 23:37:00,0.148,0.0,0.148,1.0,-0.148,0.021903999999999996,1.0,-0.5153047210300429,0.26553895551585033,-0.6896738197424892,0.4756499776381955,0.3553921752841275,300.0,0.148,0.148,0.0,0.0,44.4,0.0
1997-10-07 23:42:00,0.148,0.0,0.148,1.0,-0.148,0.021903999999999996,1.0,-0.5153047210300429,0.26553895551585033,-0.6896738197424892,0.4756499776381955,0.3553921752841275,300.0,0.148,0.148,0.0,0.0,44.4,0.0
1997-10-07 23:47:00,0.148,0.0,0.148,1.0,-0.148,0.021903999999999996,1.0,-0.5153047210300429,0.26553895551585033,-0.6896738197424892,0.4756499776381955,0.3553921752841275,300.0,0.148,0.148,0.0,0.0,44.4,0.0
1997-10-07 23:52:00,0.148,0.0,0.148,1.0,-0.148,0.021903999999999996,1.0,-0.5153047210300429,0.26553895551585033,-0.6896738197424892,0.4756499776381955,0.3553921752841275,300.0,0.148,0.148,0.0,0.0,44.4,0.0
1997-10-07 23:57:00,0.148,0.0,0.148,1.0,-0.148,0.021903999999999996,1.0,-0.5153047210300429,0.26553895551585033,-0.6896738197424892,0.4756499776381955,0.3553921752841275,300.0,0.148,0.148,0.0,0.0,44.4,0.0
1997-10-08 00:02:00,0.148,0.0,0.148,1.0,-0.148,0.021903999999999996,1.0,-0.5153047210300429,0.26553895551585033,-0.6896738197424892,0.4756499776381955,0.3553921752841275,300.0,0.148,0.148,0.0,0.0,44.4,0.0
1997-10-08 00:07:00,0.148,0.0,0.148,1.0,-0.148,0.021903999999999996,1.0,-0.5153047210300429,0.26553895551585033,-0.6896738197424892,0.4756499776381955,0.3553921752841275,300.0,0.148,0.148,0.0,0.0,44.4,0.0
1997-10-08 00:12:00,0.148,0.0,0.148,1.0,-0.148,0.021903999999999996,1.0,-0.5153047210300429,0.26553895551585033,-0.6896738197424892,0.4756499776381955,0.3553921752841275,300.0,0.148,0.148,0.0,0.0,44.4,0.0
1997-10-08 00:17:00,0.148,0.0,0.148,1.0,-0.148,0.021903999999999996,1.0,-0.5153047210300429,0.26553895551585033,-0.6896738197424892,0.4756499776381955,0.3553921752841275,300.0,0.148,0.148,0.0,0.0,44.4,0.0
1997-10-08 00:22:00,0.145,0.0,0.145,1.0,-0.145,0.021025,1.0,-0.5183047210300429,0.2686397838420306,-0.6896738197424892,0.4756499776381955,0.35746119674335497,300.0,0.148,0.145,0.0,0.0,43.949999999999996,0.0
1997-10-08 00:27:00,0.142,0.0,0.142,1.0,-0.142,0.020163999999999998,1.0,-0.5213047210300429,0.27175861216821084,-0.6896738197424892,0.4756499776381955,0.3595302182025824,300.0,0.145,0.142,0.0,0.0,43.05,0.0
1997-10-08 00:32:00,0.136,0.0,0.136,1.0,-0.136,0.018496000000000002,1.0,-0.5273047210300429,0.2780502688205714,-0.6896738197424892,0.4756499776381955,0.36366826112103734,300.0,0.142,0.136,0.0,0.0,41.7,0.0
1997-10-08 00:37:00,0.133,0.0,0.133,1.0,-0.133,0.017689000000000003,1.0,-0.5303047210300429,0.2812230971467516,-0.6896738197424892,0.4756499776381955,0.36573728258026483,300.0,0.136,0.133,0.0,0.0,40.35,0.0
1997-10-08 00:42:00,0.133,0.0,0.133,1.0,-0.133,0.017689000000000003,1.0,-0.5303047210300429,0.2812230971467516,-0.6896738197424892,0.4756499776381955,0.36573728258026483,300.0,0.133,0.133,0.0,0.0,39.900000000000006,0.0
1997-10-08 00:47:00,0.133,0.0,0.133,1.0,-0.133,0.017689000000000003,1.0,-0.5303047210300429,0.2812230971467516,-0.6896738197424892,0.4756499776381955,0.36573728258026483,300.0,0.133,0.133,0.0,0.0,39.900000000000006,0.0
1997-10-08 00:52:00,0.133,0.0,0.133,1.0,-0.133,0.017689000000000003,1.0,-0.5303047210300429,0.2812230971467516,-0.6896738197424892,0.4756499776381955,0.36573728258026483,300.0,0.133,0.133,0.0,0.0,39.900000000000006,0.0
1997-10-08 00:57:00,0.133,0.0,0.133,1.0,-0.133,0.017689000000000003,1.0,-0.5303047210300429,0.2812230971467516,-0.6896738197424892,0.4756499776381955,0.36573728258026483,300.0,0.133,0.133,0.0,0.0,39.900000000000006,0.0
1997-10-08 01:02:00,0.133,0.0,0.133,1.0,-0.133,0.017689000000000003,1.0,-0.5303047210300429,0.2812230971467516,-0.6896738197424892,0.4756499776381955,0.36573728258026483,300.0,0.133,0.133,0.0,0.0,39.900000000000006,0.0
1997-10-08 01:07:00,0.133,0.0,0.133,1.0,-0.133,0.017689000000000003,1.0,-0.5303047210300429,0.2812230971467516,-0.6896738197424892,0.4756499776381955,0.36573728258026483,300.0,0.133,0.133,0.0,0.0,39.900000000000006,0.0
1997-10-08 01:12:00,0.133,0.0,0.133,1.0,-0.133,0.017689000000000003,1.0,-0.5303047210300429,0.2812230971467516,-0.6896738197424892,0.4756499776381955,0.36573728258026483,300.0,0.133,0.133,0.0,0.0,39.900000000000006,0.0
1997-10-08 01:17:00,0.133,0.0,0.133,1.0,-0.133,0.017689000000000003,1.0,-0.5303047210300429,0.2812230971467516,-0.6896738197424892,0.4756499776381955,0.36573728258026483,300.0,0.133,0.133,0.0,0.0,39.900000000000006,0.0
1997-10-08 01:22:00,0.133,0.0,0.133,1.0,-0.133,0.017689000000000003,1.0,-0.5303047210300429,0.2812230971467516,-0.6896738197424892,0.4756499776381955,0.36573728258026483,300.0,0.133,0.133,0.0,0.0,39.900000000000006,0.0
1997-10-08 01:27:00,0.133,0.0,0.133,1.0,-0.133,0.017689000000000003,1.0,-0.5303047210300429,0.2812230971467516,-0.6896738197424892,0.4756499776381955,0.36573728258026483,300.0,0.133,0.133,0.0,0.0,39.900000000000006,0.0
1997-10-08 01:32:00,0.133,0.0,0.133,1.0,-0.133,0.017689000000000003,1.0,-0.5303047210300429,0.2812230971467516,-0.6896738197424892,0.4756499776381955,0.36573728258026483,300.0,0.133,0.133,0.0,0.0,39.900000000000006,0.0
1997-10-08 01:37:00,0.133,0.0,0.133,1.0,-0.133,0.017689000000000003,1.0,-0.5303047210300429,0.2812230971467516,-0.6896738197424892,0.4756499776381955,0.36573728258026483,300.0,0.133,0.133,0.0,0.0,39.900000000000006,0.0
1997-10-08 01:42:00,0.133,0.0,0.133,1.0,-0.133,0.017689000000000003,1.0,-0.5303047210300429,0.2812230971467516,-0.6896738197424892,0.4756499776381955,0.36573728258026483,300.0,0.133,0.133,0.0,0.0,39.900000000000006,0.0
1997-10-08 01:47:00,0.133,0.0,0.133,1.0,-0.133,0.017689000000000003,1.0,-0.5303047210300429,0.2812230971467516,-0.6896738197424892,0.4756499776381955,0.36573728258026483,300.0,0.133,0.133,0.0,0.0,39.900000000000006,0.0
1997-10-08 01:52:00,0.133,0.0,0.133,1.0,-0.133,0.017689000000000003,1.0,-0.5303047210300429,0.2812230971467516,-0.6896738197424892,0.4756499776381955,0.36573728258026483,300.0,0.133,0.133,0.0,0.0,39.900000000000006,0.0
1997-10-08 01:57:00,0.133,0.0,0.133,1.0,-0.133,0.017689000000000003,1.0,-0.5303047210300429,0.2812230971467516,-0.6896738197424892,0.4756499776381955,0.36573728258026483,300.0,0.133,0.133,0.0,0.0,39.900000000000006,0.0
1997-10-08 02:02:00,0.133,0.0,0.133,1.0,-0.133,0.017689000000000003,1.0,-0.5303047210300429,0.2812230971467516,-0.6896738197424892,0.4756499776381955,0.36573728258026483,300.0,0.133,0.133,0.0,0.0,39.900000000000006,0.0
1997-10-08 02:07:00,0.133,0.0,0.133,1.0,-0.133,0.017689000000000003,1.0,-0.5303047210300429,0.2812230971467516,-0.6896738197424892,0.4756499776381955,0.36573728258026483,300.0,0.133,0.133,0.0,0.0,39.900000000000006,0.0
1997-10-08 02:12:00,0.133,0.0,0.133,1.0,-0.133,0.017689000000000003,1.0,-0.5303047210300429,0.2812230971467516,-0.6896738197424892,0.4756499776381955,0.36573728258026483,300.0,0.133,0.133,0.0,0.0,39.900000000000006,0.0
1997-10-08 02:17:00,0.133,0.0,0.133,1.0,-0.133,0.017689000000000003,1.0,-0.5303047210300429,0.2812230971467516,-0.6896738197424892,0.4756499776381955,0.36573728258026483,300.0,0.133,0.133,0.0,0.0,39.900000000000006,0.0
1997-10-08 02:22:00,0.133,0.0,0.133,1.0,-0.133,0.017689000000000003,1.0,-0.5303047210300429,0.2812230971467516,-0.6896738197424892,0.4756499776381955,0.36573728258026483,300.0,0.133,0.133,0.0,0.0,39.900000000000006,0.0
1997-10-08 02:27:00,0.133,0.0,0.133,1.0,-0.133,0.017689000000000003,1.0,-0.5303047210300429,0.2812230971467516,-0.6896738197424892,0.4756499776381955,0.36573728258026483,300.0,0.133,0.133,0.0,0.0,39.900000000000006,0.0
1997-10-08 02:32:00,0.133,0.0,0.133,1.0,-0.133,0.017689000000000003,1.0,-0.5303047210300429,0.2812230971467516,-0.6896738197424892,0.4756499776381955,0.36573728258026483,300.0,0.133,0.133,0.0,0.0,39.900000000000006,0.0
1997-10-08 02:37:00,0.133,0.0,0.133,1.0,-0.133,0.017689000000000003,1.0,-0.5303047210300429,0.2812230971467516,-0.6896738197424892,0.4756499776381955,0.36573728258026483,300.0,0.133,0.133,0.0,0.0,39.900000000000006,0.0
1997-10-08 02:42:00,0.133,0.0,0.133,1.0,-0.133,0.017689000000000003,1.0,-0.5303047210300429,0.2812230971467516,-0.6896738197424892,0.4756499776381955,0.36573728258026483,300.0,0.133,0.133,0.0,0.0,39.900000000000006,0.0
1997-10-08 02:47:00,0.133,0.0,0.133,1.0,-0.133,0.017689000000000003,1.0,-0.5303047210300429,0.2812230971467516,-0.6896738197424892,0.4756499776381955,0.36573728258026483,300.0,0.133,0.133,0.0,0.0,39.900000000000006,0.0
1997-10-08 02:52:00,0.133,0.0,0.133,1.0,-0.133,0.017689000000000003,1.0,-0.5303047210300429,0.2812230971467516,-0.6896738197424892,0.4756499776381955,0.36573728258026483,300.0,0.133,0.133,0.0,0.0,39.900000000000006,0.0
1997-10-08 02:57:00,0.133,0.0,0.133,1.0,-0.133,0.017689000000000003,1.0,-0.5303047210300429,0.2812230971467516,-0.6896738197424892,0.4756499776381955,0.36573728258026483,300.0,0.133,0.133,0.0,0.0,39.900000000000006,0.0
1997-10-08 03:02:00,0.133,0.0,0.133,1.0,-0.133,0.017689000000000003,1.0,-0.5303047210300429,0.2812230971467516,-0.6896738197424892,0.4756499776381955,0.36573728258026483,300.0,0.133,0.133,0.0,0.0,39.900000000000006,0.0
1997-10-08 03:07:00,0.133,0.0,0.133,1.0,-0.133,0.017689000000000003,1.0,-0.5303047210300429,0.2812230971467516,-0.6896738197424892,0.4756499776381955,0.36573728258026483,300.0,0.133,0.133,0.0,0.0,39.900000000000006,0.0
1997-10-08 03:12:00,0.133,0.0,0.133,1.0,-0.133,0.017689000000000003,1.0,-0.5303047210300429,0.2812230971467516,-0.6896738197424892,0.4756499776381955,0.36573728258026483,300.0,0.133,0.133,0.0,0.0,39.900000000000006,0.0
1997-10-08 03:17:00,0.133,0.0,0.133,1.0,-0.133,0.017689000000000003,1.0,-0.5303047210300429,0.2812230971467516,-0.6896738197424892,0.4756499776381955,0.36573728258026483,300.0,0.133,0.133,0.0,0.0,39.900000000000006,0.0
1997-10-08 03:22:00,0.133,0.0,0.133,1.0,-0.133,0.017689000000000003,1.0,-0.5303047210300429,0.2812230971467516,-0.6896738197424892,0.4756499776381955,0.36573728258026483,300.0,0.133,0.133,0.0,0.0,39.900000000000006,0.0
1997-10-08 03:27:00,0.133,0.0,0.133,1.0,-0.133,0.017689000000000003,1.0,-0.5303047210300429,0.2812230971467516,-0.6896738197424892,0.4756499776381955,0.36573728258026483,300.0,0.133,0.133,0.0,0.0,39.900000000000006,0.0
1997-10-08 03:32:00,0.133,0.0,0.133,1.0,-0.133,0.017689000000000003,1.0,-0.5303047210300429,0.2812230971467516,-0.6896738197424892,0.4756499776381955,0.36573728258026483,300.0,0.133,0.133,0.0,0.0,39.900000000000006,0.0
1997-10-08 03:37:00,0.133,0.0,0.133,1.0,-0.133,0.017689000000000003,1.0,-0.5303047210300429,0.2812230971467516,-0.6896738197424892,0.4756499776381955,0.36573728258026483,300.0,0.133,0.133,0.0,0.0,39.900000000000006,0.0
1997-10-08 03:42:00,0.133,0.0,0.133,1.0,-0.133,0.017689000000000003,1.0,-0.5303047210300429,0.2812230971467516,-0.6896738197424892,0.4756499776381955,0.36573728258026483,300.0,0.133,0.133,0.0,0.0,39.900000000000006,0.0
1997-10-08 03:47:00,0.133,0.0,0.133,1.0,-0.133,0.017689000000000003,1.0,-0.5303047210300429,0.2812230971467516,-0.6896738197424892,0.4756499776381955,0.36573728258026483,300.0,0.133,0.133,0.0,0.0,39.900000000000006,0.0
1997-10-08 03:52:00,0.133,0.0,0.133,1.0,-0.133,0.017689000000000003,1.0,-0.5303047210300429,0.2812230971467516,-0.6896738197424892,0.4756499776381955,0.36573728258026483,300.0,0.133,0.133,0.0,0.0,39.900000000000006,0.0
1997-10-08 03:57:00,0.133,0.0,0.133,1.0,-0.133,0.017689000000000003,1.0,-0.5303047210300429,0.2812230971467516,-0.6896738197424892,0.4756499776381955,0.36573728258026483,300.0,0.133,0.133,0.0,0.0,39.900000000000006,0.0
